time,x,y,z,speed
16.620396073,-5.209449768066406,241.4868621826172,-0.4905679523944855,0.0
16.670396074,-5.209449768066406,241.4868621826172,-0.4905679523944855,0.0
16.720396075,-5.209449768066406,241.4868621826172,-0.4905679523944855,0.0
16.770396076,-5.209449768066406,241.4868621826172,-0.4905679523944855,0.0
16.820396076,-5.209449768066406,241.4868621826172,-0.4905679523944855,0.0
16.870396077,-5.209449768066406,241.4868621826172,-0.4905679523944855,0.0
16.920396078,-5.209449768066406,241.4868621826172,-0.4905679523944855,0.0
16.970396079,-5.209449768066406,241.4868621826172,-0.4905679523944855,0.0
17.020396079,-5.209449768066406,241.4868621826172,-0.4905679523944855,0.0
17.07039608,-5.209449768066406,241.4868621826172,-0.4905679523944855,0.0
17.120396081,-5.209449768066406,241.4868621826172,-0.4905679523944855,0.0
17.170396082,-5.209449768066406,241.4868621826172,-0.4905679523944855,0.0
17.220396082,-5.209449768066406,241.4868621826172,-0.4905679523944855,0.0
17.270396083,-5.209449768066406,241.4868621826172,-0.4905679523944855,0.0
17.320396084,-5.209449768066406,241.4868621826172,-0.4905679523944855,0.0
17.370396085,-5.209449768066406,241.4868621826172,-0.4905679523944855,0.0
17.420396085,-5.209449768066406,241.4868621826172,-0.4905679523944855,0.0
17.470396086,-5.209449768066406,241.4868621826172,-0.4905679523944855,0.0
17.520396087,-5.209449768066406,241.4868621826172,-0.4905679523944855,0.0
17.570396088,-5.209449768066406,241.4868621826172,-0.4905679523944855,0.0
17.620396088,-5.209449768066406,241.4868621826172,-0.4905679523944855,0.0
17.670396089,-5.209449768066406,241.4868621826172,-0.4905679523944855,0.0
17.72039609,-5.209449768066406,241.4868621826172,-0.4905679523944855,0.0
17.770396091,-5.209449768066406,241.4868621826172,-0.4905679523944855,0.0
17.820396091,-5.209449768066406,241.4868621826172,-0.4905679523944855,0.0
17.870396092,-5.209400653839111,241.4872283935547,-0.490873783826828,0.006513398424757679
17.920396093,-5.2093424797058105,241.4874725341797,-0.4910108149051666,0.006258447652001193
17.970396094,-5.209273338317871,241.4877471923828,-0.4911186397075653,0.006032606548184488
18.020396094,-5.209254264831543,241.48779296875,-0.4911867082118988,0.0011805547305014654
18.070396095,-5.209244728088379,241.48779296875,-0.4912296235561371,0.0007852089288485349
18.120396096,-5.2092413902282715,241.48776245117188,-0.49125540256500244,0.0005445609661334416
18.170396097,-5.209239482879639,241.4877471923828,-0.49126914143562317,0.00041525324232564325
18.220396097,-5.209238052368164,241.48773193359375,-0.4912746250629425,0.0003779998459878767
18.270396098,-5.209237098693848,241.4877166748047,-0.491275429725647,0.0004257179714486202
18.320396099,-5.209234714508057,241.4877166748047,-0.4912744164466858,0.00041822855324039575
18.370396099,-5.209232807159424,241.48768615722656,-0.49127230048179626,0.0004219424486220232
18.4203961,-5.209230899810791,241.4876708984375,-0.49126937985420227,0.00042962529762941335
18.470396101,-5.209228992462158,241.4876708984375,-0.4912671148777008,0.00043472113027549894
18.520396102,-5.209227085113525,241.48765563964844,-0.49126508831977844,0.00043954437627505104
18.570396102,-5.209224700927734,241.48765563964844,-0.49126365780830383,0.0004483342792214737
18.620396103,-5.209222316741943,241.48765563964844,-0.49126237630844116,0.0004529326936154767
18.670396104,-5.209219932556152,241.48765563964844,-0.49126192927360535,0.00038019848411716616
18.720396105,-5.2092180252075195,241.4876251220703,-0.4912625849246979,0.00045162926864666676
18.770396105,-5.20921516418457,241.4876251220703,-0.4912627041339874,0.0004602751615755834
18.820396106,-5.209211826324463,241.4876251220703,-0.491262286901474,0.0004653349103851537
18.870396107,-5.209208965301514,241.4876251220703,-0.491262286901474,0.00046622781734317073
18.920396108,-5.210291862487793,241.48794555664062,-0.49133819341659546,0.12482244439683046
18.970396108,-5.2328996658325195,241.49378967285156,-0.49216508865356445,0.7247160921226475
19.020396109,-5.28176736831665,241.50608825683594,-0.4932168126106262,1.23261347374941
19.07039611,-5.353703022003174,241.52413940429688,-0.4942109286785126,1.6805219013459134
19.120396111,-5.446016311645508,241.54710388183594,-0.49557167291641235,2.090340007033076
19.170396111,-5.556925296783447,241.5747833251953,-0.4977552592754364,2.4699570085787217
19.220396112,-5.685127258300781,241.60667419433594,-0.5002621412277222,2.821086232778824
19.270396113,-5.830209255218506,241.64358520507812,-0.50098717212677,3.1326038156799423
19.320396114,-5.991774559020996,241.6840057373047,-0.49708762764930725,3.4149457752661525
19.370396114,-6.167128562927246,241.7275848388672,-0.4902355372905731,3.6873494382634373
19.420396115,-6.3552446365356445,241.7742919921875,-0.48160555958747864,3.950597084344424
19.470396116,-6.553749084472656,241.82318115234375,-0.4746027886867523,4.220454520586985
19.520396117,-6.763800621032715,241.8758544921875,-0.47288137674331665,4.493520490344099
19.570396117,-6.991189956665039,241.93276977539062,-0.4694311320781708,4.72189938640675
19.620396118,-7.232805252075195,241.99208068847656,-0.4647340774536133,4.9438440368358885
19.670396119,-7.483633995056152,242.05392456054688,-0.45967191457748413,5.160168388203605
19.72039612,-7.738566875457764,242.11476135253906,-0.45676320791244507,5.404723853392483
19.77039612,-8.007556915283203,242.1781005859375,-0.44719114899635315,5.602823238716552
19.820396121,-8.291484832763672,242.24302673339844,-0.4357782304286957,5.793807164021867
19.870396122,-8.582157135009766,242.3113555908203,-0.42472803592681885,5.980908531025833
19.920396123,-8.879215240478516,242.37908935546875,-0.40787386894226074,6.170748367754483
19.970396123,-9.186634063720703,242.44847106933594,-0.39021608233451843,6.355136691179686
20.020396124,-9.504725456237793,242.52127075195312,-0.37249282002449036,6.525564117128363
20.070396125,-9.827780723571777,242.59397888183594,-0.3511715233325958,6.706463603446657
20.120396126,-10.159954071044922,242.66807556152344,-0.327077180147171,6.868464060006915
20.170396126,-10.499800682067871,242.74298095703125,-0.3004398047924042,7.033413403899903
20.220396127,-10.847991943359375,242.81976318359375,-0.27326494455337524,7.190834358805134
20.270396128,-11.202937126159668,242.8975372314453,-0.24435371160507202,7.3467920783077005
20.320396129,-11.565187454223633,242.97666931152344,-0.21434451639652252,7.499083785392801
20.370396129,-11.934640884399414,243.05712890625,-0.18331938982009888,7.6470413551628615
20.42039613,-12.311275482177734,243.1382598876953,-0.15154334902763367,7.791540262420624
20.470396131,-12.689274787902832,243.2190704345703,-0.11960872262716293,7.737221297667402
20.520396132,-13.065099716186523,243.2989959716797,-0.0879746824502945,7.689329048482459
20.570396132,-13.438671112060547,243.37808227539062,-0.05673566833138466,7.64160428143196
20.620396133,-13.809978485107422,243.45635986328125,-0.025899790227413177,7.594003671280777
20.670396134,-14.179020881652832,243.53390502929688,0.004552002064883709,7.546519733335348
20.720396135,-14.545791625976562,243.61077880859375,0.03465458005666733,7.499145200145501
20.770396135,-14.910292625427246,243.68698120117188,0.06444423645734787,7.451876347139824
20.820396136,-15.272523880004883,243.7625732421875,0.09395340085029602,7.404716247299469
20.870396137,-15.632486343383789,243.83753967285156,0.12321033328771591,7.357664195650124
20.920396137,-15.9901762008667,243.91189575195312,0.15223754942417145,7.310715288492513
20.970396138,-16.35043716430664,243.9864959716797,0.18139052391052246,7.4635617772114795
21.020396139,-16.72025489807129,244.06288146972656,0.2112710177898407,7.6588410765711075
21.07039614,-17.09962272644043,244.14108276367188,0.24193035066127777,7.852278159784633
21.12039614,-17.488449096679688,244.2211456298828,0.27336764335632324,8.043675723662687
21.170396141,-17.88661003112793,244.30300903320312,0.30557212233543396,8.232745228655316
21.220396142,-18.293970108032227,244.3866729736328,0.33853209018707275,8.419247678536374
21.270396143,-18.710391998291016,244.47213745117188,0.3722344636917114,8.602974563063354
21.320396143,-19.135726928710938,244.5593719482422,0.4066654145717621,8.783764271922236
21.370396144,-19.569822311401367,244.6483612060547,0.44181081652641296,8.961483406988242
21.420396145,-20.012523651123047,244.739013671875,0.47765710949897766,9.13602811354946
21.470396146,-20.463668823242188,244.83135986328125,0.5141902565956116,9.307317633920817
21.520396146,-20.923099517822266,244.9253387451172,0.5513956546783447,9.47529903917742
21.570396147,-21.39065170288086,245.02093505859375,0.5892598032951355,9.639925199042342
21.620396148,-21.86615753173828,245.1180877685547,0.6277684569358826,9.801175812068331
21.670396149,-22.349451065063477,245.2167510986328,0.6669077277183533,9.95903764166974
21.720396149,-22.840362548828125,245.3169403076172,0.7066639065742493,10.11351171136935
21.77039615,-23.33872413635254,245.41867065429688,0.7470235228538513,10.264611674336606
21.820396151,-23.84438133239746,245.5217742919922,0.7879727482795715,10.412349573790154
21.870396152,-24.357072830200195,245.6262969970703,0.8294922709465027,10.551696571420392
21.920396152,-24.875986099243164,245.73208618164062,0.8715203404426575,10.668379841503372
21.970396153,-25.399526596069336,245.8387908935547,0.9139325618743896,10.745332764966781
22.020396154,-25.92540740966797,245.94595336914062,0.9565455913543701,10.771546629048679
22.070396155,-26.45166015625,246.04969787597656,0.9991464614868164,10.743634789053097
22.120396155,-26.975980758666992,246.14935302734375,1.0415403842926025,10.673366737624598
22.170396156,-27.496524810791016,246.2450714111328,1.0835809707641602,10.573798466859646
22.220396157,-28.012250900268555,246.33694458007812,1.1251801252365112,10.461595393055722
22.270396158,-28.52293586730957,246.42544555664062,1.1663199663162231,10.353829713649846
22.320396158,-29.029176712036133,246.5110626220703,1.2070521116256714,10.266393478223609
22.370396159,-29.532238006591797,246.59434509277344,1.2474840879440308,10.208982084815817
22.42039616,-30.03325653076172,246.67579650878906,1.2873049974441528,10.182472739721614
22.470396161,-30.533447265625,246.75575256347656,1.3269610404968262,10.14138114237978
22.520396161,-31.03154945373535,246.83050537109375,1.3664382696151733,10.088023281813168
22.570396162,-31.52753257751465,246.89987182617188,1.4045995473861694,10.036226548487825
22.620396163,-32.02214050292969,246.964599609375,1.442413330078125,9.98078928697522
22.670396164,-32.51428985595703,247.0248565673828,1.480528473854065,9.924893494570725
22.720396164,-33.00508117675781,247.0817108154297,1.5183210372924805,9.874776974832336
22.770396165,-33.492645263671875,247.13540649414062,1.554720163345337,9.825868166051084
22.820396166000002,-33.97905349731445,247.1820526123047,1.5915870666503906,9.76143452004534
22.870396167,-34.46219253540039,247.22137451171875,1.629059910774231,9.713121240384275
22.920396167,-34.94373321533203,247.255126953125,1.6651560068130493,9.661675687669495
22.970396168,-35.42396545410156,247.28350830078125,1.7017282247543335,9.626016514500826
23.020396169,-35.9033203125,247.307373046875,1.7386728525161743,9.649957490904052
23.07039617,-36.385189056396484,247.3235626220703,1.7745859622955322,9.684858770910145
23.12039617,-36.87012481689453,247.33164978027344,1.8117730617523193,9.738339516825025
23.170396171,-37.35742950439453,247.33311462402344,1.8491588830947876,9.816158629245269
23.220396172,-37.84960174560547,247.32896423339844,1.8858013153076172,9.903918044593604
23.270396173,-38.346275329589844,247.31942749023438,1.9241622686386108,9.999733180601025
23.320396173,-38.84766387939453,247.30120849609375,1.9628713130950928,10.099813955965562
23.370396174,-39.35438537597656,247.2744903564453,2.001037359237671,10.2167149169906
23.420396175,-39.865333557128906,247.2401580810547,2.0395333766937256,10.341637602175487
23.470396175,-40.383460998535156,247.1986083984375,2.0799012184143066,10.46036370447531
23.520396176,-40.90688705444336,247.15084838867188,2.1202616691589355,10.584164288981457
23.570396177,-41.43506622314453,247.09385681152344,2.16009783744812,10.68233816352553
23.620396178,-41.96504211425781,247.02743530273438,2.2002882957458496,10.754415690656012
23.670396178,-42.49750518798828,246.95257568359375,2.241971969604492,10.779062347404997
23.720396179,-43.02899932861328,246.87054443359375,2.283198595046997,10.76568336122207
23.77039618,-43.557621002197266,246.7825927734375,2.323230504989624,10.718003290143209
23.820396181,-44.080345153808594,246.68568420410156,2.3634657859802246,10.636742795750973
23.870396181,-44.59781265258789,246.5802459716797,2.4044058322906494,10.54324058401699
23.920396182,-45.10867691040039,246.46798706054688,2.4437849521636963,10.450385089432364
23.970396183,-45.61391830444336,246.34921264648438,2.4824962615966797,10.363565220293763
24.020396184,-46.11309814453125,246.22476196289062,2.5217039585113525,10.302418672371099
24.070396184,-46.60873031616211,246.09120178222656,2.561229705810547,10.261113249855013
24.120396185,-47.10024642944336,245.94915771484375,2.6001198291778564,10.253861372364943
24.170396186,-47.58943557739258,245.79940795898438,2.638451099395752,10.269744035211598
24.220396187,-48.0771369934082,245.64230346679688,2.677363872528076,10.306099519654886
24.270396187,-48.56593322753906,245.47811889648438,2.7174103260040283,10.357995536410126
24.320396188,-49.054500579833984,245.3040313720703,2.7571446895599365,10.414329005541935
24.370396189,-49.5428352355957,245.12062072753906,2.7960236072540283,10.485989061417813
24.42039619,-50.03069305419922,244.92860412597656,2.835646390914917,10.552908124963983
24.47039619,-50.51926803588867,244.728515625,2.8764870166778564,10.586713224263454
24.520396191,-51.00398254394531,244.52340698242188,2.91603422164917,10.532308425158313
24.570396192,-51.482967376708984,244.3103790283203,2.955538272857666,10.466058066469838
24.620396193,-51.95429611206055,244.09068298339844,2.9955503940582275,10.414874647881362
24.670396193,-52.42039108276367,243.86497497558594,3.034184217453003,10.359827445920072
24.720396194,-52.88091278076172,243.63375854492188,3.073720932006836,10.30182824789303
24.770396195,-53.33570098876953,243.3983154296875,3.1131396293640137,10.246967823329793
24.820396196,-53.78422546386719,243.1560516357422,3.1515491008758545,10.189697747858508
24.870396196,-54.22477722167969,242.90782165527344,3.189509868621826,10.137072900938847
24.920396197,-54.66025924682617,242.65350341796875,3.228543519973755,10.074475564722864
24.970396198,-55.08924865722656,242.39515686035156,3.26670503616333,10.025390732645437
25.020396199,-55.51621627807617,242.13113403320312,3.3039355278015137,10.086723106036311
25.070396199,-55.94062042236328,241.85743713378906,3.3428595066070557,10.157147723182261
25.1203962,-56.363929748535156,241.5740966796875,3.3819546699523926,10.247293381401464
25.170396201,-56.78727722167969,241.2820587158203,3.4203741550445557,10.354111439018956
25.220396202,-57.21036911010742,240.98175048828125,3.4594433307647705,10.470764327175894
25.270396202,-57.63565444946289,240.6725311279297,3.500197172164917,10.58177775109913
25.320396203,-58.06190872192383,240.35630798339844,3.5402214527130127,10.687829425744571
25.370396204,-58.48700714111328,240.0302734375,3.5801501274108887,10.757891031003883
25.420396205,-58.90815353393555,239.69602966308594,3.621103048324585,10.807543772772137
25.470396205,-59.32627868652344,239.35462951660156,3.6618130207061768,10.819531126191924
25.520396206,-59.73964309692383,239.00762939453125,3.703267812728882,10.7957584066985
25.570396207,-60.144569396972656,238.6547393798828,3.7442336082458496,10.739050785807168
25.620396208,-60.5405387878418,238.2969207763672,3.7846486568450928,10.67006698937685
25.670396208,-60.9271354675293,237.9359893798828,3.82478928565979,10.590421126905113
25.720396209,-61.30623245239258,237.5713653564453,3.8656978607177734,10.504257933524709
25.77039621,-61.6777229309082,237.20469665527344,3.9057674407958984,10.42921121406318
25.82039621,-62.040164947509766,236.83377075195312,3.944546699523926,10.368277882418855
25.870396211,-62.393280029296875,236.45867919921875,3.9833531379699707,10.33335779504962
25.920396212,-62.74039077758789,236.07801818847656,4.023218154907227,10.31831498249686
25.970396213,-63.08211135864258,235.6924591064453,4.0626020431518555,10.330602803130823
26.020396213,-63.41998291015625,235.30184936523438,4.10106897354126,10.368560474403123
26.070396214,-63.750038146972656,234.90328979492188,4.139957904815674,10.410843349733955
26.120396215,-64.07350158691406,234.4944305419922,4.180320739746094,10.467101865348083
26.170396216,-64.39102172851562,234.07717895507812,4.220425128936768,10.53036150607355
26.220396216,-64.70350646972656,233.65216064453125,4.25995397567749,10.592171496095238
26.270396217,-65.01054382324219,233.2211151123047,4.300400257110596,10.6457980889399
26.320396218,-65.3136978149414,232.7845458984375,4.340252876281738,10.682288375182308
26.370396219,-65.61316680908203,232.34312438964844,4.380648612976074,10.694809113642593
26.420396219,-65.90862274169922,231.89859008789062,4.421562194824219,10.688455317745515
26.47039622,-66.20027923583984,231.45237731933594,4.461850643157959,10.670027549790884
26.520396221,-66.48716735839844,231.00636291503906,4.501376152038574,10.622035361149612
26.570396222,-66.76827239990234,230.55931091308594,4.542123317718506,10.562793905411041
26.620396222,-67.04371643066406,230.1126251220703,4.582240104675293,10.51014096040399
26.670396223,-67.31475067138672,229.66549682617188,4.621396541595459,10.453042391663645
26.720396224,-67.58077239990234,229.2194061279297,4.661710262298584,10.399479178302158
26.770396225,-67.8432388305664,228.7734375,4.701885223388672,10.34382420726803
26.820396225,-68.10197448730469,228.32843017578125,4.741547584533691,10.290631614229783
26.870396226,-68.35697937011719,227.8852081298828,4.781663417816162,10.237027157846493
26.920396227,-68.60889434814453,227.44337463378906,4.821962356567383,10.182628810770284
26.970396228,-68.85791015625,227.00299072265625,4.8622565269470215,10.128455770939814
27.020396228,-69.10490417480469,226.56288146972656,4.902528285980225,10.151396929809932
27.070396229,-69.35725402832031,226.12181091308594,4.943049430847168,10.234504480948912
27.12039623,-69.61568450927734,225.6787872314453,4.983915328979492,10.334528951116598
27.170396231,-69.8798828125,225.23294067382812,5.025172233581543,10.445888706635031
27.220396231,-70.14983367919922,224.78372192382812,5.066839694976807,10.564459524783414
27.270396232,-70.42510986328125,224.33094787597656,5.108731269836426,10.682643418369928
27.320396233,-70.70553588867188,223.87416076660156,5.151855945587158,10.785271875622987
27.370396234,-70.99014282226562,223.41419982910156,5.195901393890381,10.871834685898667
27.420396234000002,-71.27814483642578,222.95176696777344,5.240444660186768,10.934984167843671
27.470396235,-71.56831359863281,222.48851013183594,5.286317825317383,10.974439670359596
27.520396236,-71.86321258544922,222.02796936035156,5.331820964813232,10.983578722255375
27.570396237,-72.16315460205078,221.57086181640625,5.377926349639893,10.968423465882761
27.620396237,-72.46715545654297,221.1176300048828,5.425448417663574,10.930094928974468
27.670396238,-72.77436065673828,220.66925048828125,5.471719741821289,10.877409587277638
27.720396239,-73.08344268798828,220.22657775878906,5.516946315765381,10.817542390723794
27.77039624,-73.39753723144531,219.791748046875,5.562990188598633,10.736567170385403
27.82039624,-73.71675872802734,219.3650665283203,5.608770847320557,10.66215501849679
27.870396241,-74.04042053222656,218.94580078125,5.653477668762207,10.589973559218661
27.920396242,-74.36740112304688,218.53456115722656,5.697171688079834,10.525579932266343
27.970396243,-74.70095825195312,218.1322479248047,5.7411322593688965,10.462258377505231
28.020396243,-75.0414810180664,217.7382354736328,5.785773754119873,10.42111388965859
28.070396244,-75.38760375976562,217.35194396972656,5.828415393829346,10.400999473625012
28.120396245,-75.7400131225586,216.97161865234375,5.871800422668457,10.390137037029664
28.170396246,-76.09715270996094,216.59719848632812,5.915518283843994,10.405147633603578
28.220396246,-76.4636459350586,216.22894287109375,5.958838939666748,10.417486439083477
28.270396247,-76.83806610107422,215.86746215820312,6.00297212600708,10.456384778359935
28.320396248,-77.22012329101562,215.511474609375,6.046454429626465,10.503714133161067
28.370396248,-77.61051177978516,215.1593475341797,6.090743064880371,10.553352188789145
28.420396249,-78.00946807861328,214.8147735595703,6.135509490966797,10.602776877914692
28.47039625,-78.41773223876953,214.4764404296875,6.179201126098633,10.656777462136308
28.520396251,-78.833251953125,214.14471435546875,6.223934650421143,10.659519167414425
28.570396251,-79.25261688232422,213.8211212158203,6.268769264221191,10.601445397886682
28.620396252,-79.67471313476562,213.5055389404297,6.312387466430664,10.539192422186378
28.670396253,-80.10018920898438,213.2006072998047,6.3556952476501465,10.474639738524157
28.720396254,-80.52947235107422,212.90577697753906,6.400258541107178,10.412989886627557
28.770396254,-80.96131896972656,212.62013244628906,6.443471908569336,10.353581617353347
28.820396255,-81.3950424194336,212.34332275390625,6.486332893371582,10.295563439006951
28.870396256,-81.83122253417969,212.0779266357422,6.5292510986328125,10.233843481756175
28.920396257,-82.27082824707031,211.82275390625,6.571791648864746,10.169666119485806
28.970396257,-82.71259307861328,211.57679748535156,6.6147990226745605,10.11037013153707
29.020396258,-83.15528106689453,211.33956909179688,6.656304836273193,10.073157755864479
29.070396259,-83.60246276855469,211.108154296875,6.697540283203125,10.115255607139233
29.12039626,-84.05593872070312,210.88511657714844,6.7403717041015625,10.162271530500137
29.17039626,-84.5169448852539,210.66897583007812,6.782883167266846,10.23146761152521
29.220396261,-84.98403930664062,210.45907592773438,6.824696063995361,10.315250311775758
29.270396262,-85.45738220214844,210.25457763671875,6.865964412689209,10.41364141365098
29.320396263,-85.93804168701172,210.05435180664062,6.907333850860596,10.518683224761999
29.370396263,-86.42707824707031,209.86085510253906,6.946231365203857,10.621465765218076
29.420396264,-86.92548370361328,209.6739044189453,6.984866619110107,10.72181003587438
29.470396265,-87.43101501464844,209.49325561523438,7.022064208984375,10.820143576985732
29.520396266,-87.94368743896484,209.31838989257812,7.055739402770996,10.902146572908824
29.570396266,-88.46253967285156,209.15277099609375,7.088611125946045,10.961871872528212
29.620396267,-88.9874496459961,208.99624633789062,7.1203179359436035,11.003232436188357
29.670396268,-89.51716613769531,208.84803771972656,7.149763584136963,11.026875393976871
29.720396269,-90.04923248291016,208.70831298828125,7.177052021026611,11.033518807064409
29.770396269,-90.5833969116211,208.57972717285156,7.202342510223389,11.01922890649322
29.82039627,-91.11910247802734,208.46197509765625,7.22585391998291,10.9895812322769
29.870396271,-91.65567779541016,208.35401916503906,7.247692584991455,10.94920418329954
29.920396272,-92.19184112548828,208.25547790527344,7.2671122550964355,10.902994305304492
29.970396272,-92.72686004638672,208.16558837890625,7.284297466278076,10.8514949675749
30.020396273,-93.26063537597656,208.0867919921875,7.299929618835449,10.790863193579725
30.070396274,-93.793212890625,208.01866149902344,7.31353759765625,10.735607714649694
30.120396275,-94.32423400878906,207.96018981933594,7.325301170349121,10.683862332215392
30.170396275,-94.8537368774414,207.91064453125,7.335142612457275,10.637665719597106
30.220396276,-95.38199615478516,207.8723907470703,7.343025207519531,10.593478593040743
30.270396277,-95.90914916992188,207.84487915039062,7.349302768707275,10.561620673200077
30.320396278,-96.43531036376953,207.82684326171875,7.353669166564941,10.541234582889453
30.370396278,-96.96123504638672,207.81759643554688,7.356473445892334,10.530355529479962
30.420396279,-97.48672485351562,207.81619262695312,7.357453346252441,10.532178703383037
30.47039628,-98.01271057128906,207.82521057128906,7.35692834854126,10.5361610029163
30.520396281,-98.53874969482422,207.8440704345703,7.354756832122803,10.556516681260655
30.570396281,-99.06584930419922,207.8718719482422,7.350914001464844,10.583173674683161
30.620396282,-99.59368133544922,207.9078826904297,7.345380783081055,10.61810917392385
30.670396283,-100.12250518798828,207.95468139648438,7.33798360824585,10.651561439119346
30.720396284,-100.65213775634766,208.01171875,7.3287672996521,10.691363014674014
30.770396284,-101.18311309814453,208.0780487060547,7.318301677703857,10.731139076563412
30.820396285,-101.71464538574219,208.15284729003906,7.30567741394043,10.771845595020947
30.870396286000002,-102.24666595458984,208.23532104492188,7.290643692016602,10.809742940704071
30.920396286,-102.7785415649414,208.3282012939453,7.274477958679199,10.83318478872687
30.970396287,-103.31034088134766,208.4309844970703,7.256997108459473,10.857001078528757
31.020396288,-103.84114074707031,208.5426483154297,7.236936092376709,10.875599715592474
31.070396289,-104.37055206298828,208.6624298095703,7.215227127075195,10.887720889158386
31.120396289,-104.89718627929688,208.79269409179688,7.19180154800415,10.887890525531162
31.17039629,-105.42125701904297,208.93289184570312,7.16579532623291,10.885786960425015
31.220396291,-105.94295501708984,209.08216857910156,7.138859748840332,10.877254732309204
31.270396292,-106.46149444580078,209.2395477294922,7.109230995178223,10.867167748859252
31.320396292,-106.9765625,209.40740966796875,7.077934265136719,10.84714455890972
31.370396293,-107.48631286621094,209.5845489501953,7.044959545135498,10.829724305794278
31.420396294,-107.99325561523438,209.77073669433594,7.011289119720459,10.807217417306722
31.470396295,-108.49484252929688,209.9641876220703,6.975688457489014,10.794385914502287
31.520396295,-108.99331665039062,210.16493225097656,6.938220500946045,10.774966901322879
31.570396296,-109.48548889160156,210.37429809570312,6.899550437927246,10.759879756528608
31.620396297,-109.97341918945312,210.59251403808594,6.857949256896973,10.747158655797058
31.670396298,-110.4573974609375,210.8189239501953,6.815386772155762,10.73273470074128
31.720396298,-110.9371566772461,211.0525360107422,6.770249366760254,10.730700586144351
31.770396299,-111.41304779052734,211.296630859375,6.723576545715332,10.715418971787704
31.8203963,-111.88299560546875,211.54917907714844,6.676565170288086,10.71982903060459
31.870396301,-112.34818267822266,211.8098602294922,6.626862049102783,10.72323878312885
31.920396301,-112.80859375,212.0774688720703,6.576189994812012,10.72977585015894
31.970396302,-113.26686096191406,212.35325622558594,6.527747631072998,10.727145249853185
32.020396303,-113.72039794921875,212.63792419433594,6.477804183959961,10.736144036509181
32.070396304,-114.16885375976562,212.93124389648438,6.426568984985352,10.741800359786861
32.120396304,-114.61103057861328,213.23104858398438,6.376536846160889,10.757568665500497
32.170396305,-115.0492935180664,213.53819274902344,6.326109409332275,10.768930123577258
32.220396306,-115.4820556640625,213.8547821044922,6.275576114654541,10.76979423734339
32.270396307,-115.91018676757812,214.1808319091797,6.227053642272949,10.77445834578123
32.320396307,-116.33224487304688,214.5136260986328,6.176541805267334,10.788773526573245
32.370396308,-116.74858856201172,214.85255432128906,6.124976634979248,10.798785186979217
32.420396309,-117.15797424316406,215.2003631591797,6.076117038726807,10.792915142375357
32.47039631,-117.56208038330078,215.55715942382812,6.028057098388672,10.795487735920707
32.52039631,-117.95934295654297,215.92010498046875,5.977598667144775,10.80251047984461
32.570396311,-118.35005950927734,216.288330078125,5.926778316497803,10.805363985504448
32.620396312,-118.73626708984375,216.66331481933594,5.878984451293945,10.796623707208004
32.670396313,-119.11577606201172,217.0457763671875,5.830465793609619,10.794075993303197
32.720396313,-119.48799896240234,217.43487548828125,5.780487537384033,10.78918235630714
32.770396314,-119.85243225097656,217.82847595214844,5.7316203117370605,10.790703502450844
32.820396315,-120.210693359375,218.22764587402344,5.682349681854248,10.787857563063488
32.870396316,-120.56082916259766,218.63450622558594,5.632538795471191,10.774903225959338
32.920396316,-120.903564453125,219.0491943359375,5.584719181060791,10.765686438205496
32.970396317,-121.23835754394531,219.46876525878906,5.5348711013793945,10.768343672139132
33.020396318,-121.56600189208984,219.89259338378906,5.483717918395996,10.768735382054302
33.070396319,-121.88746643066406,220.3206787109375,5.434985160827637,10.762289885251201
33.120396319,-122.2049560546875,220.75408935546875,5.387283802032471,10.759206093949555
33.17039632,-122.51737976074219,221.1901092529297,5.337407112121582,10.762247312376788
33.220396321,-122.82572174072266,221.6285858154297,5.288349628448486,10.76299328974507
33.270396322,-123.12965393066406,222.06866455078125,5.239894866943359,10.765163702941912
33.320396322,-123.4346923828125,222.51022338867188,5.191318035125732,10.761968724126199
33.370396323,-123.74020385742188,222.9510955810547,5.143677234649658,10.765341137778718
33.420396324,-124.0466079711914,223.39231872558594,5.095515727996826,10.76735939012493
33.470396324,-124.35293579101562,223.83241271972656,5.047476768493652,10.772797126037458
33.520396325,-124.66022491455078,224.27288818359375,5.00091552734375,10.770694408418606
33.570396326,-124.96820068359375,224.7133026123047,4.955550670623779,10.770654076853384
33.620396327,-125.27668762207031,225.15390014648438,4.910438537597656,10.770293966418302
33.670396327,-125.58419036865234,225.59291076660156,4.864993095397949,10.777622193715846
33.720396328,-125.89188385009766,226.03155517578125,4.819602012634277,10.776237887944413
33.770396329,-126.20037841796875,226.4707794189453,4.775700092315674,10.773260609949585
33.82039633,-126.51246643066406,226.90878295898438,4.731622695922852,10.769489895636717
33.87039633,-126.82771301269531,227.34417724609375,4.6865363121032715,10.771192099980835
33.920396331,-127.14484405517578,227.77557373046875,4.640518665313721,10.776332929026978
33.970396332,-127.46543884277344,228.20538330078125,4.595357418060303,10.77162451076768
34.020396333,-127.79151916503906,228.63150024414062,4.551004409790039,10.768937006954292
34.070396333,-128.12290954589844,229.05430603027344,4.504786968231201,10.766344353404696
34.120396334,-128.45872497558594,229.47328186035156,4.4591593742370605,10.76558676994119
34.170396335,-128.79876708984375,229.88864135742188,4.414573669433594,10.76465266976251
34.220396336,-129.14222717285156,230.30130004882812,4.3695597648620605,10.765710609383321
34.270396336,-129.4906768798828,230.70831298828125,4.324428081512451,10.762417225070394
34.320396337,-129.8448486328125,231.1109161376953,4.280427932739258,10.760334906072067
34.370396338,-130.20291137695312,231.50897216796875,4.235437393188477,10.765951993920273
34.420396339,-130.56573486328125,231.90380859375,4.189326286315918,10.763275344798343
34.470396339,-130.93267822265625,232.29507446289062,4.144580364227295,10.763027593443317
34.52039634,-131.30606079101562,232.68186950683594,4.099531650543213,10.7588154522263
34.570396341,-131.68397521972656,233.0630645751953,4.053847789764404,10.7631254976809
34.620396342,-132.06539916992188,233.4383544921875,4.007477283477783,10.7684076552959
34.670396342000004,-132.451904296875,233.8098907470703,3.9623353481292725,10.765300838983935
34.720396343,-132.84266662597656,234.1780242919922,3.918114423751831,10.765495708529544
34.770396344,-133.2394561767578,234.541259765625,3.8729665279388428,10.76163069854308
34.820396345,-133.63973999023438,234.8979949951172,3.8273603916168213,10.769182343973917
34.870396345,-134.04470825195312,235.24969482421875,3.782545328140259,10.767161205367113
34.920396346,-134.45347595214844,235.59677124023438,3.7383317947387695,10.769922585503387
34.970396347,-134.86607360839844,235.94024658203125,3.6932826042175293,10.768218847089411
35.020396348,-135.28366088867188,236.2776641845703,3.648641347885132,10.767375689448244
35.070396348,-135.70480346679688,236.6089324951172,3.6029014587402344,10.773662445193366
35.120396349,-136.130615234375,236.9356231689453,3.5567092895507812,10.770678238165175
35.17039635,-136.5603790283203,237.2573699951172,3.5119121074676514,10.77072895617765
35.220396351,-136.995849609375,237.5734100341797,3.4666640758514404,10.766301383467052
35.270396351,-137.4345703125,237.88282775878906,3.4209749698638916,10.77101485765111
35.320396352,-137.87677001953125,238.18618774414062,3.375688076019287,10.769533659089612
35.370396353,-138.32266235351562,238.48464965820312,3.3314929008483887,10.769199994799767
35.420396354,-138.77073669433594,238.77853393554688,3.2859861850738525,10.77451641848977
35.470396354,-139.2236328125,239.06651306152344,3.240166664123535,10.768326491599701
35.520396355,-139.68048095703125,239.348388671875,3.195604085922241,10.767816815873518
35.570396356,-140.1415557861328,239.62562561035156,3.150421619415283,10.765551332287412
35.620396357,-140.60426330566406,239.89743041992188,3.1047627925872803,10.771099590311415
35.670396357,-141.06936645507812,240.1643829345703,3.0595932006835938,10.76943430783454
35.720396358,-141.53826904296875,240.42498779296875,3.015428066253662,10.766405456795983
35.770396359,-142.00970458984375,240.67955017089844,2.9698193073272705,10.771152808915522
35.82039636,-142.4847412109375,240.9290771484375,2.924086809158325,10.767914015330364
35.87039636,-142.96266174316406,241.1735076904297,2.8795266151428223,10.76756102656578
35.920396361,-143.44387817382812,241.41403198242188,2.8342649936676025,10.765928391451002
35.970396362,-143.92684936523438,241.64759826660156,2.788562059402466,10.769250799718506
36.020396362,-144.4118194580078,241.87440490722656,2.742384195327759,10.770368735051157
36.070396363,-144.90036010742188,242.09588623046875,2.697632074356079,10.767071366807855
36.120396364,-145.3918914794922,242.31268310546875,2.6533660888671875,10.765828294548323
36.170396365,-145.88592529296875,242.5253143310547,2.608137369155884,10.766377718897466
36.220396365,-146.3810577392578,242.73062133789062,2.5625360012054443,10.768575289742742
36.270396366,-146.87928771972656,242.929443359375,2.5180306434631348,10.766076325355487
36.320396367,-147.37925720214844,243.12255859375,2.4736807346343994,10.76938639256715
36.370396368,-147.88221740722656,243.31092834472656,2.428633213043213,10.76616177150804
36.420396368,-148.3863983154297,243.49429321289062,2.383991241455078,10.769361887537885
36.470396369,-148.89239501953125,243.67086791992188,2.3378214836120605,10.769843327323242
36.52039637,-149.4012908935547,243.84097290039062,2.2920329570770264,10.767276686593979
36.570396371,-149.91213989257812,244.00503540039062,2.246968984603882,10.77029461585496
36.620396371,-150.4254608154297,244.16421508789062,2.2004106044769287,10.768049505857705
36.670396372,-150.94076538085938,244.3148193359375,2.1547584533691406,10.765600245137128
36.720396373,-151.45767211914062,244.45730590820312,2.108985424041748,10.767752396030126
36.770396374,-151.97718811035156,244.5933074951172,2.0636239051818848,10.765926298866185
36.820396374,-152.49806213378906,244.72283935546875,2.0193562507629395,10.766462528432461
36.870396375,-153.02081298828125,244.84739685058594,1.9748156070709229,10.76608662788424
36.920396376,-153.54319763183594,244.9671173095703,1.9297744035720825,10.769869644218012
36.970396377,-154.067138671875,245.082763671875,1.8857108354568481,10.768523127479432
37.020396377,-154.5911865234375,245.1949920654297,1.8413265943527222,10.774455622309503
37.070396378,-155.11642456054688,245.30438232421875,1.7952145338058472,10.77319054027668
37.120396379,-155.6426239013672,245.41075134277344,1.7502676248550415,10.772550648706147
37.17039638,-156.1698760986328,245.51409912109375,1.7049980163574219,10.774460087916776
37.22039638,-156.6975555419922,245.61456298828125,1.6582633256912231,10.777079479017694
37.270396381,-157.22488403320312,245.71218872070312,1.6120312213897705,10.779001452414175
37.320396382,-157.75299072265625,245.8075714111328,1.5659642219543457,10.77946457497997
37.370396383,-158.28175354003906,245.90109252929688,1.519502878189087,10.78018700074289
37.420396383,-158.8108673095703,245.9929656982422,1.472767949104309,10.780907155036122
37.470396384,-159.34024047851562,246.08338928222656,1.4258819818496704,10.781308464430264
37.520396385,-159.8698272705078,246.1725311279297,1.3789303302764893,10.781362197516668
37.570396386,-160.3996124267578,246.26052856445312,1.3319658041000366,10.781075587201585
37.620396386,-160.9294891357422,246.34767150878906,1.285017728805542,10.780525806681695
37.670396387,-161.45944213867188,246.43409729003906,1.2381020784378052,10.779702928003145
37.720396388,-161.98947143554688,246.5198974609375,1.1912225484848022,10.778688262801557
37.770396389,-162.51953125,246.6051483154297,1.1443794965744019,10.777530657724721
37.820396389,-163.0496063232422,246.68988037109375,1.097569227218628,10.776292256296797
37.87039639,-163.57968139648438,246.774169921875,1.050785779953003,10.775036225518608
37.920396391,-164.10975646972656,246.85812377929688,1.0040249824523926,10.773813590230615
37.970396392,-164.63987731933594,246.9416961669922,0.9572804570198059,10.772689011692751
38.020396392,-165.16998291015625,247.0249481201172,0.9105473160743713,10.771691487678819
38.070396393,-165.7000732421875,247.10792541503906,0.8638228178024292,10.770860993580982
38.120396394,-166.23011779785156,247.1908416748047,0.8171055912971497,10.770219009173413
38.170396395,-166.76011657714844,247.2737274169922,0.7703942060470581,10.769783956671185
38.220396395,-167.2901153564453,247.35671997070312,0.7236862182617188,10.769556450372068
38.270396396,-167.8201141357422,247.439697265625,0.676978349685669,10.769532254900614
38.320396397,-168.35009765625,247.52273559570312,0.630269467830658,10.769691673188298
38.370396398,-168.88009643554688,247.60577392578125,0.583560049533844,10.770020001823777
38.420396398,-169.4100799560547,247.68890380859375,0.5368490815162659,10.770493063450989
38.470396399,-169.94009399414062,247.7720184326172,0.49013641476631165,10.771076859174125
38.5203964,-170.4701690673828,247.85511779785156,0.44341933727264404,10.771734127993662
38.5703964,-171.00064086914062,247.935791015625,0.3967021107673645,10.771642053086108
38.620396401,-171.53146362304688,248.01402282714844,0.34998613595962524,10.772244404987713
38.670396402,-172.06263732910156,248.09014892578125,0.3032706081867218,10.772862572621387
38.720396403,-172.59413146972656,248.16427612304688,0.2565537691116333,10.773485852205615
38.770396403,-173.12591552734375,248.23667907714844,0.20983654260635376,10.774089779575627
38.820396404,-173.6578826904297,248.3076171875,0.1631186604499817,10.77463845632869
38.870396405,-174.19007873535156,248.37730407714844,0.11640182137489319,10.775106825660659
38.920396406,-174.722412109375,248.4458770751953,0.06968669593334198,10.775474283572303
38.970396406,-175.25502014160156,248.513427734375,0.02306133136153221,10.7751844141516
39.020396407,-175.78872680664062,248.58021545410156,-0.02214641496539116,10.769612714876958
39.070396408,-176.32281494140625,248.64613342285156,-0.06620561331510544,10.766823962128697
39.120396409,-176.8573760986328,248.7067108154297,-0.10945415496826172,10.760225089606894
39.170396409,-177.389404296875,248.7611846923828,-0.1533057540655136,10.76796051019876
39.22039641,-177.9220428466797,248.80911254882812,-0.1970326006412506,10.761128539463233
39.270396411,-178.45521545410156,248.84640502929688,-0.24007633328437805,10.750241569676142
39.320396412,-178.99212646484375,248.87139892578125,-0.28258225321769714,10.73740184083791
39.370396412,-179.528564453125,248.88389587402344,-0.3262249827384949,10.73878564731975
39.420396413,-180.0647430419922,248.88116455078125,-0.37058013677597046,10.724238335970261
39.470396414,-180.60220336914062,248.86293029785156,-0.40911218523979187,10.701613795469019
39.520396415,-181.14219665527344,248.8306121826172,-0.4399389624595642,10.677339252593285
39.570396415,-181.6842498779297,248.7854766845703,-0.46253958344459534,10.644240033402633
39.620396416,-182.22325134277344,248.7251739501953,-0.4727572500705719,10.605447848321766
39.670396417,-182.7591552734375,248.6504364013672,-0.46636706590652466,10.565275245916283
39.720396418,-183.28347778320312,248.5541229248047,-0.4427165985107422,10.543206821614378
39.770396418,-183.80210876464844,248.449462890625,-0.40912994742393494,10.507524643963478
39.820396419,-184.3150177001953,248.3367919921875,-0.3652901351451874,10.481208126729548
39.87039642,-184.82118225097656,248.21202087402344,-0.31650832295417786,10.462436909696507
39.920396421,-185.32449340820312,248.0742950439453,-0.26473718881607056,10.453852848220722
39.970396421,-185.8221893310547,247.92510986328125,-0.21258792281150818,10.462428794042486
40.020396422,-186.31719970703125,247.76524353027344,-0.16392803192138672,10.483816489926083
40.070396423,-186.80792236328125,247.59567260742188,-0.11987626552581787,10.517922631919516
40.120396424,-187.2962646484375,247.41387939453125,-0.08013452589511871,10.551743130337012
40.170396424,-187.7824249267578,247.2211151123047,-0.04784305393695831,10.593965733447531
40.220396425,-188.2674102783203,247.01773071289062,-0.024470482021570206,10.633569165867852
40.270396426,-188.74954223632812,246.80255126953125,-0.00830074306577444,10.669783008535646
40.320396427,-189.23025512695312,246.5756072998047,0.0007624435238540173,10.696639652014325
40.370396427,-189.7088165283203,246.33740234375,0.0037197875790297985,10.715400526262572
40.420396428,-190.1840057373047,246.0884552001953,0.0023014447651803493,10.727284269388786
40.470396429,-190.65367126464844,245.8279571533203,-0.0018624498043209314,10.724841757619782
40.52039643,-191.11697387695312,245.55723571777344,-0.007089195307344198,10.712987067198442
40.57039643,-191.57376098632812,245.277587890625,-0.012325896881520748,10.689281582494681
40.620396431,-192.0228271484375,244.98855590820312,-0.016978606581687927,10.653785025076642
40.670396432,-192.46429443359375,244.69113159179688,-0.020817680284380913,10.623803944880107
40.720396433,-192.8988800048828,244.38612365722656,-0.02381664142012596,10.599889670931404
40.770396433,-193.32569885253906,244.0721435546875,-0.026023482903838158,10.578192422608637
40.820396434,-193.7451934814453,243.74981689453125,-0.0275754164904356,10.567744017971798
40.870396435,-194.15640258789062,243.41766357421875,-0.028603438287973404,10.559140134872829
40.920396436,-194.55978393554688,243.0762176513672,-0.029252242296934128,10.562792562502453
40.970396436,-194.95614624023438,242.7261199951172,-0.02964603342115879,10.573571668196232
41.020396437,-195.34413146972656,242.36585998535156,-0.029842643067240715,10.584688163645128
41.070396438,-195.72422790527344,241.99598693847656,-0.029920997098088264,10.606233391614353
41.120396438,-196.0970916748047,241.6172637939453,-0.029943084344267845,10.63165332494858
41.170396439,-196.46104431152344,241.22821044921875,-0.029910506680607796,10.65325900947419
41.22039644,-196.81640625,240.82962036132812,-0.029858818277716637,10.681359619378842
41.270396441,-197.1614990234375,240.42044067382812,-0.02979286201298237,10.7020366108269
41.320396441,-197.4965362548828,240.00148010253906,-0.029736213386058807,10.726998851059715
41.370396442,-197.82200622558594,239.5736541748047,-0.029708288609981537,10.749378109906242
41.420396443,-198.13604736328125,239.13624572753906,-0.029675673693418503,10.761733451942089
41.470396444,-198.43890380859375,238.690185546875,-0.02964981086552143,10.775608354822166
41.520396444,-198.72882080078125,238.23513793945312,-0.02961917780339718,10.778045162924505
41.570396445,-199.00607299804688,237.77206420898438,-0.029598692432045937,10.781936815543794
41.620396446,-199.2713165283203,237.30198669433594,-0.02960250712931156,10.781894459511165
41.670396447,-199.522705078125,236.82460021972656,-0.029595565050840378,10.771880896408282
41.720396447,-199.76075744628906,236.34092712402344,-0.02958866022527218,10.764248808553802
41.770396448,-199.98394775390625,235.850830078125,-0.029571762308478355,10.747534587221901
41.820396449,-200.1927032470703,235.3552703857422,-0.029560966417193413,10.734983043901217
41.87039645,-200.3880157470703,234.85499572753906,-0.029571685940027237,10.722069920052546
41.92039645,-200.56651306152344,234.349365234375,-0.02954982779920101,10.695838322570197
41.970396451,-200.72825622558594,233.83917236328125,-0.029518164694309235,10.681415963755597
42.020396452,-200.8747100830078,233.3251495361328,-0.029521025717258453,10.669563117399703
42.070396453,-201.00686645507812,232.80783081054688,-0.029553337022662163,10.661141426204452
42.120396453,-201.1258544921875,232.28773498535156,-0.029598692432045937,10.656278741775594
42.170396454,-201.2296905517578,231.76466369628906,-0.02960616908967495,10.646371627012877
42.220396455,-201.31936645507812,231.2392578125,-0.02959953248500824,10.646813652534826
42.270396456,-201.39622497558594,230.71177673339844,-0.029606590047478676,10.65046131556465
42.320396456,-201.4603271484375,230.18240356445312,-0.02961299754679203,10.655248997170295
42.370396457,-201.51315307617188,229.65147399902344,-0.02962448075413704,10.665414585553872
42.420396458,-201.55624389648438,229.11917114257812,-0.029643362388014793,10.677731874859237
42.470396459,-201.5908203125,228.58566284179688,-0.029659995809197426,10.691489393810453
42.520396459,-201.61802673339844,228.05108642578125,-0.029667053371667862,10.705781308896993
42.57039646,-201.63877868652344,227.51559448242188,-0.029662741348147392,10.719737056612583
42.620396461,-201.65390014648438,226.9792938232422,-0.029649313539266586,10.732600319884568
42.670396462,-201.6639862060547,226.44227600097656,-0.029630890116095543,10.743746285750937
42.720396462,-201.66952514648438,225.90475463867188,-0.02961193025112152,10.752692116666202
42.770396463,-201.67237854003906,225.36685180664062,-0.0296026598662138,10.759989989029801
42.820396464,-201.67306518554688,224.8286895751953,-0.029597435146570206,10.764068369549841
42.870396465,-201.67189025878906,224.29039001464844,-0.02959083579480648,10.765417474820259
42.920396465,-201.66908264160156,223.75213623046875,-0.029584961012005806,10.764095216454777
42.970396466,-201.6648406982422,223.21401977539062,-0.0295812226831913,10.760344410998377
43.020396467,-201.65927124023438,222.6761932373047,-0.029580572620034218,10.75452170854087
43.070396468,-201.65261840820312,222.13870239257812,-0.029582900926470757,10.74705233919266
43.120396468,-201.6448516845703,221.60165405273438,-0.02958705835044384,10.73840333758127
43.170396469,-201.63619995117188,221.06503295898438,-0.02959243766963482,10.729075710156085
43.22039647,-201.6266632080078,220.52890014648438,-0.029598349705338478,10.719555061476635
43.270396471,-201.6175537109375,219.99327087402344,-0.02960517816245556,10.710273864766389
43.320396471,-201.60897827148438,219.4580841064453,-0.02961120568215847,10.701755478960377
43.370396472,-201.60086059570312,218.92327880859375,-0.02961559221148491,10.694284738359466
43.420396473,-201.5931854248047,218.38882446289062,-0.029619140550494194,10.688157514069133
43.470396474,-201.58587646484375,217.85459899902344,-0.029622457921504974,10.683583631744341
43.520396474,-201.578857421875,217.320556640625,-0.029625587165355682,10.680686957438693
43.570396475,-201.57208251953125,216.78662109375,-0.029628943651914597,10.679501587283973
43.620396476,-201.5655059814453,216.25267028808594,-0.029632262885570526,10.679982382010966
43.670396476,-201.55909729003906,215.71864318847656,-0.029635200276970863,10.681998290223893
43.720396477,-201.55335998535156,215.1844940185547,-0.029638061299920082,10.685311711395448
43.770396478,-201.54820251464844,214.650146484375,-0.02964038774371147,10.689769694480253
43.820396479,-201.5436248779297,214.1155242919922,-0.029642561450600624,10.695035894187
43.870396479,-201.5395050048828,213.58062744140625,-0.029644392430782318,10.700808953653754
43.92039648,-201.5358123779297,213.04541015625,-0.02964603342115879,10.706766754763619
43.970396481,-201.53245544433594,212.50991821289062,-0.029647216200828552,10.712603922532148
44.020396482,-201.52943420410156,211.97413635253906,-0.029647979885339737,10.718040088957297
44.070396482,-201.5266571044922,211.43807983398438,-0.029648246243596077,10.722829268770685
44.120396483,-201.5241241455078,210.90182495117188,-0.029648207128047943,10.72677985613452
44.170396484,-201.5219268798828,210.3654022216797,-0.029647711664438248,10.72974335035403
44.220396485,-201.52005004882812,209.82884216308594,-0.02964675799012184,10.731651754180502
44.270396485,-201.51844787597656,209.29222106933594,-0.029645727947354317,10.73247598057271
44.320396486,-201.51708984375,208.75559997558594,-0.029644431546330452,10.732247972904572
44.370396487,-201.51593017578125,208.21902465820312,-0.029643172398209572,10.731051729793439
44.420396488,-201.5149688720703,207.6825408935547,-0.029641875997185707,10.729011857715868
44.470396488,-201.51417541503906,207.14614868164062,-0.029640426859259605,10.72628002493429
44.520396489,-201.51353454589844,206.60992431640625,-0.029639357700943947,10.723036558730449
44.57039649,-201.5129852294922,206.07388305664062,-0.029638174921274185,10.719474655621557
44.620396491,-201.5125732421875,205.53802490234375,-0.029637260362505913,10.715335488993924
44.670396491,-201.5122833251953,205.00241088867188,-0.02963561937212944,10.708116494283926
44.720396492,-201.5120391845703,204.46742248535156,-0.029631881043314934,10.693041873792684
44.770396493,-201.5118865966797,203.9335174560547,-0.029624976217746735,10.666305034033854
44.820396494,-201.51182556152344,203.4035186767578,-0.029589461162686348,10.53455649284515
44.870396494,-201.51185607910156,202.88034057617188,-0.02954818680882454,10.417831421267538
44.920396495,-201.5118865966797,202.36253356933594,-0.029523620381951332,10.312657413311896
44.970396496,-201.51202392578125,201.84913635253906,-0.029513588175177574,10.2344009459929
45.020396497,-201.51214599609375,201.34182739257812,-0.029485397040843964,10.071010715687825
45.070396497,-201.5122833251953,200.84042358398438,-0.029481010511517525,10.020575967326858
45.120396498,-201.5124053955078,200.34339904785156,-0.029468536376953125,9.861814825872152
45.170396499,-201.51258850097656,199.85260009765625,-0.02946758270263672,9.809384992121776
45.2203965,-201.51280212402344,199.3662109375,-0.029457395896315575,9.64718872520002
45.2703965,-201.51300048828125,198.8860626220703,-0.02945880778133869,9.595626418927033
45.320396501,-201.51321411132812,198.41015625,-0.029453391209244728,9.444593014909392
45.370396502,-201.51341247558594,197.93997192382812,-0.029459303244948387,9.3976159814371
45.420396503,-201.5136260986328,197.47421264648438,-0.02945125475525856,9.234319285549242
45.470396503,-201.51382446289062,197.01681518554688,-0.029431303963065147,9.097661576238066
45.520396504,-201.51402282714844,196.5657196044922,-0.029425621032714844,8.970789182176498
45.570396505,-201.51422119140625,196.1210174560547,-0.029421690851449966,8.842576953035314
45.620396506,-201.514404296875,195.68270874023438,-0.029418906196951866,8.715175562670055
45.670396506,-201.5146026611328,195.25071716308594,-0.029417533427476883,8.590556999590506
45.720396507,-201.51480102539062,194.82481384277344,-0.029418105259537697,8.470458863905941
45.770396508,-201.51499938964844,194.40475463867188,-0.029420889914035797,8.356336460192356
45.820396509,-201.51519775390625,193.99020385742188,-0.02942592464387417,8.249316074452741
45.870396509,-201.515380859375,193.5807647705078,-0.02943313494324684,8.150153014067456
45.92039651,-201.51559448242188,193.1760711669922,-0.029441986232995987,8.059195368548592
45.970396511,-201.5157928466797,192.77566528320312,-0.029452361166477203,7.976369703623294
46.020396512,-201.5159912109375,192.37918090820312,-0.029463576152920723,7.901176770387098
46.070396512,-201.5161895751953,191.9862518310547,-0.029475441202521324,7.832712486405873
46.120396513,-201.51638793945312,191.5965576171875,-0.02948695980012417,7.769727060545622
46.170396514,-201.51657104492188,191.2098846435547,-0.02949783205986023,7.710704738596324
46.220396514,-201.51675415039062,190.82606506347656,-0.029507331550121307,7.653981780490984
46.270396515,-201.51695251464844,190.44509887695312,-0.029515190050005913,7.5978694442551475
46.320396516,-201.5171661376953,190.06690979003906,-0.02952098846435547,7.540790578564638
46.370396517,-201.51736450195312,189.69163513183594,-0.02952457405626774,7.48139477568097
46.420396517,-201.51754760742188,189.31944274902344,-0.029526136815547943,7.418648244666707
46.470396518,-201.5177459716797,188.95050048828125,-0.029525641351938248,7.351895330050298
46.520396519,-201.5179443359375,188.58502197265625,-0.029523544013500214,7.280869953880226
46.57039652,-201.5181427001953,188.2232208251953,-0.029520148411393166,7.205685125950034
46.62039652,-201.51834106445312,187.86529541015625,-0.02951579913496971,7.12677953589277
46.670396521,-201.51852416992188,187.51138305664062,-0.029511183500289917,7.044858425736695
46.720396522,-201.5187225341797,187.16163635253906,-0.029506415128707886,6.960818915764507
46.770396523,-201.5189208984375,186.81614685058594,-0.029502104967832565,6.875670645049786
46.820396523,-201.5191192626953,186.4748992919922,-0.029498480260372162,6.790463125082646
46.870396524,-201.51931762695312,186.13790893554688,-0.029496001079678535,6.706219320860562
46.920396525,-201.5194549560547,185.8050537109375,-0.029494741931557655,6.623874063055919
46.970396526,-201.51959228515625,185.47531127929688,-0.02950618602335453,6.591604975547028
47.020396526,-201.519775390625,185.146240234375,-0.02953033335506916,6.578647453933541
47.070396527,-201.5199737548828,184.81768798828125,-0.029551047831773758,6.567620136301634
47.120396528,-201.52017211914062,184.4935302734375,-0.02952522225677967,6.406562646146618
47.170396529,-201.52037048339844,184.17469787597656,-0.029517021030187607,6.370509455555839
47.220396529,-201.52056884765625,183.8563690185547,-0.029537620022892952,6.363917174404069
47.27039653,-201.52066040039062,183.5426788330078,-0.029511183500289917,6.190113848591755
47.320396531,-201.520751953125,183.23472595214844,-0.029503706842660904,6.15137442864178
47.370396532,-201.52085876464844,182.92726135253906,-0.029527511447668076,6.147801511431411
47.420396532,-201.5209503173828,182.6228790283203,-0.02952064387500286,6.03794013221505
47.470396533,-201.52105712890625,182.3238983154297,-0.02950035035610199,5.894809336734416
47.520396534,-201.52113342285156,182.03672790527344,-0.02943428047001362,5.638803543652802
47.570396535,-201.52122497558594,181.76171875,-0.029379576444625854,5.406143700621115
47.620396535,-201.5213165283203,181.4973602294922,-0.029348639771342278,5.211256994713272
47.670396536,-201.52142333984375,181.24131774902344,-0.02934451960027218,5.066939352211053
47.720396537,-201.52151489257812,180.99102783203125,-0.02940223552286625,4.973130831205559
47.770396538,-201.52162170410156,180.74415588378906,-0.029579199850559235,4.9233126963659295
47.820396538,-201.52171325683594,180.49850463867188,-0.029701003804802895,4.916112055844978
47.870396539,-201.5218048095703,180.25210571289062,-0.02978496439754963,4.947246550470839
47.92039654,-201.52191162109375,180.00308227539062,-0.029844092205166817,5.0127949636085996
47.970396541,-201.52200317382812,179.7498321533203,-0.02972106821835041,5.110130723464253
48.020396541,-201.52210998535156,179.49093627929688,-0.02966426871716976,5.230704600145582
48.070396542,-201.52220153808594,179.2257843017578,-0.02964988723397255,5.354783147543077
48.120396543,-201.5222930908203,178.95831298828125,-0.029616545885801315,5.330754309314341
48.170396544,-201.52239990234375,178.69796752929688,-0.02952728234231472,5.102673530674636
48.220396544,-201.52249145507812,178.44400024414062,-0.029499053955078125,5.078203202666184
48.270396545,-201.52259826660156,178.18862915039062,-0.029530486091971397,5.125638017080285
48.320396546,-201.5227508544922,177.93551635742188,-0.02952800691127777,5.014641882575672
48.370396547,-201.5228729248047,177.6858367919922,-0.02960517816245556,4.981017696410941
48.420396547,-201.52296447753906,177.43812561035156,-0.029742544516921043,4.933562839541117
48.470396548,-201.52308654785156,177.19332885742188,-0.029810218140482903,4.867247769037866
48.520396549,-201.52317810058594,176.9523162841797,-0.029829902574419975,4.786372261180426
48.570396549,-201.5232696533203,176.715576171875,-0.029820555821061134,4.697351513811712
48.62039655,-201.52337646484375,176.4833984375,-0.029797056689858437,4.607493938712499
48.670396551,-201.52346801757812,176.2555694580078,-0.029770277440547943,4.524159016710177
48.720396552,-201.52357482910156,176.031494140625,-0.02974719926714897,4.453744468610104
48.770396552,-201.52366638183594,175.8105010986328,-0.02973201684653759,4.400685359201403
48.820396553,-201.5237579345703,175.59164428710938,-0.029725799337029457,4.366047423130782
48.870396554,-201.52386474609375,175.3739776611328,-0.029727553948760033,4.347367429201663
48.920396555,-201.52395629882812,175.1569366455078,-0.02973426692187786,4.338978732067551
48.970396555,-201.52406311035156,174.94021606445312,-0.029742470011115074,4.333095509433078
49.020396556,-201.52415466308594,174.723876953125,-0.029748648405075073,4.321665713363053
49.070396557,-201.52423095703125,174.50845336914062,-0.029750365763902664,4.298031269934136
49.120396558,-201.5243377685547,174.29464721679688,-0.02974635921418667,4.258656909367173
49.170396558,-201.52442932128906,174.0821075439453,-0.029747657477855682,4.248828814466599
49.220396559,-201.52452087402344,173.87313842773438,-0.029723739251494408,4.1226362311110645
49.27039656,-201.52462768554688,173.66769409179688,-0.02971530891954899,4.106402784482274
49.320396561,-201.52471923828125,173.4625701904297,-0.029726142063736916,4.100186257353245
49.370396561,-201.5248260498047,173.25811767578125,-0.02973552606999874,4.081917193420946
49.420396562,-201.52491760253906,173.05921936035156,-0.02969863824546337,3.8903948155494295
49.470396563,-201.52500915527344,172.86558532714844,-0.029684295877814293,3.869181759130658
49.520396564,-201.52511596679688,172.67236328125,-0.02969989739358425,3.8634353940063937
49.570396564,-201.52520751953125,172.47943115234375,-0.029718322679400444,3.8575888930830944
49.620396565,-201.5253143310547,172.28677368164062,-0.029733886942267418,3.8517335707714087
49.670396566,-201.52540588378906,172.09750366210938,-0.02971710078418255,3.718014114032148
49.720396567,-201.52549743652344,171.9156036376953,-0.029681548476219177,3.5840910476834105
49.770396567,-201.52560424804688,171.7398223876953,-0.02965698204934597,3.4711149628130444
49.820396568,-201.52569580078125,171.56866455078125,-0.02964969538152218,3.3971472606088673
49.870396569,-201.5258026123047,171.39971923828125,-0.029663389548659325,3.3748341405105253
49.92039657,-201.52589416503906,171.23049926757812,-0.029694365337491035,3.400044761860431
49.97039657,-201.52598571777344,171.05889892578125,-0.029735831543803215,3.461416809370565
50.020396571,-201.52609252929688,170.88363647460938,-0.029778288677334785,3.538492059765024
50.070396572,-201.52520751953125,170.7048797607422,-0.029810141772031784,3.5987385127517975
50.120396573,-201.52407836914062,170.5325164794922,-0.029737280681729317,3.2407637601947283
50.170396573,-201.52304077148438,170.37815856933594,-0.029631461948156357,3.07636024261966
50.220396574,-201.5219268798828,170.2233428955078,-0.029650496318936348,3.112545761978774
50.270396575,-201.5173797607422,170.0664825439453,-0.02969440445303917,3.165345416339571
50.320396576,-201.51028442382812,169.906005859375,-0.02974548190832138,3.252187458632412
50.370396576,-201.5025177001953,169.74073791503906,-0.02979537844657898,3.350521392918031
50.420396577,-201.4945526123047,169.57888793945312,-0.029753874987363815,3.0952630976766415
50.470396578,-201.4866180419922,169.42564392089844,-0.02971416339278221,3.0895774709041626
50.520396579,-201.47824096679688,169.26968383789062,-0.02974071353673935,3.1481931193468937
50.570396579,-201.46939086914062,169.11087036132812,-0.02977394126355648,3.204365937667393
50.62039658,-201.4605255126953,168.95700073242188,-0.029726790264248848,2.950182113380534
50.670396581,-201.44932556152344,168.81124877929688,-0.029690856114029884,2.9295145817451465
50.720396582,-201.4368896484375,168.66461181640625,-0.029710501432418823,2.9553359828315724
50.770396582000004,-201.4239959716797,168.51638793945312,-0.029740676283836365,2.991690907900822
50.820396583,-201.4105987548828,168.36642456054688,-0.029767684638500214,3.0248684904403236
50.870396584,-201.3971405029297,168.21974182128906,-0.02974323183298111,2.878439244975801
50.920396585,-201.38372802734375,168.07675170898438,-0.029682502150535583,2.8687299166701203
50.970396585,-201.37014770507812,167.93353271484375,-0.028635405004024506,2.853867509720325
51.020396586,-201.35581970214844,167.7908172607422,-0.026771698147058487,2.848035889803396
51.070396587,-201.3416290283203,167.6490936279297,-0.025570334866642952,2.838675671966468
51.120396587,-201.32403564453125,167.5087432861328,-0.02478771097958088,2.819052085961154
51.170396588,-201.3021240234375,167.3695526123047,-0.02427791617810726,2.814672720842203
51.220396589,-201.27890014648438,167.23077392578125,-0.023953666910529137,2.8104248780676704
51.27039659,-201.25498962402344,167.09230041503906,-0.023743782192468643,2.806081269916226
51.32039659,-201.23049926757812,166.95416259765625,-0.023598022758960724,2.801717839248784
51.370396591,-201.20545959472656,166.8163299560547,-0.023482855409383774,2.797333714204649
51.420396592,-201.179931640625,166.67881774902344,-0.023376770317554474,2.792933274636026
51.470396593,-201.15391540527344,166.54164123535156,-0.02326785959303379,2.788521822988562
51.520396593,-201.1277618408203,166.4050750732422,-0.022920722141861916,2.7807925613869187
51.570396594,-201.10118103027344,166.27001953125,-0.02148742601275444,2.767888615051019
51.620396595,-201.07040405273438,166.13616943359375,-0.019617842510342598,2.7531183066572895
51.670396596,-201.03489685058594,166.00376892089844,-0.018178747966885567,2.7177787744105313
51.720396596,-200.9984130859375,165.8744659423828,-0.017147064208984375,2.669332047780573
51.770396597,-200.96102905273438,165.74609375,-0.01643684320151806,2.6800388184238177
51.820396598,-200.92218017578125,165.61607360839844,-0.015940895304083824,2.740333849185824
51.870396599,-200.8813018798828,165.4822235107422,-0.015568084083497524,2.8419800652416747
51.920396599,-200.8378143310547,165.34278869628906,-0.015250739641487598,2.978044752970901
51.9703966,-200.791259765625,165.19630432128906,-0.014941749162971973,3.1427004602208175
52.020396601,-200.74122619628906,165.04153442382812,-0.014610137790441513,3.3310702467049973
52.070396602,-200.687255859375,164.87753295898438,-0.014236792922019958,3.538798010866729
52.120396602,-200.62503051757812,164.705078125,-0.013790969736874104,3.7534749374400675
52.170396603,-200.5545196533203,164.52359008789062,-0.013279151171445847,3.9881637095368894
52.220396604,-200.4779052734375,164.33163452148438,-0.012711181305348873,4.22980024473745
52.270396605,-200.39065551757812,164.13107299804688,-0.012057075276970863,4.466672186167525
52.320396605,-200.29283142089844,163.92172241210938,-0.011334952898323536,4.718852039218643
52.370396606,-200.18667602539062,163.70228576660156,-0.010563011281192303,4.971687458925826
52.420396607,-200.06752014160156,163.4755401611328,-0.009554519318044186,5.211960735360798
52.470396608,-199.93556213378906,163.2415008544922,-0.008522681891918182,5.46759428576608
52.520396608,-199.78814697265625,163.00230407714844,-0.007464179769158363,5.7027259689616665
52.570396609,-199.6259765625,162.7578582763672,-0.0063871764577925205,5.955679224416943
52.62039661,-199.45127868652344,162.5068359375,-0.005302123725414276,6.203224331708317
52.670396611,-199.2599334716797,162.25318908691406,-0.0041221617721021175,6.428450261247937
52.720396611,-199.04556274414062,162.00404357910156,-0.0027892303187400103,6.630821225945236
52.770396612,-198.80929565429688,161.75961303710938,-0.0013982011005282402,6.867032583508669
52.820396613,-198.55433654785156,161.51734924316406,-3.189101698808372e-05,7.100542659864889
52.870396614,-198.28228759765625,161.276611328125,0.0013309858040884137,7.330814378085071
52.920396614,-197.99034118652344,161.04257202148438,0.002817840315401554,7.52683129177947
52.970396615,-197.6773223876953,160.81935119628906,0.004436339717358351,7.7349726030576536
53.020396616,-197.34515380859375,160.60577392578125,0.006077232304960489,7.94841899858206
53.070396617,-196.99241638183594,160.40707397460938,0.007798537611961365,8.122984508378618
53.120396617,-196.62039184570312,160.22425842285156,0.009554518386721611,8.328511514373655
53.170396618,-196.22958374023438,160.0595245361328,0.011327323503792286,8.508837073521144
53.220396619,-195.8282928466797,159.91346740722656,0.013092421926558018,8.485163847551416
53.27039662,-195.42237854003906,159.78598022460938,0.014791488647460938,8.456462290140932
53.32039662,-195.01181030273438,159.67835998535156,0.01716819778084755,8.41016842066638
53.370396621,-194.5953826904297,159.588623046875,0.026096496731042862,8.356949763430096
53.420396622,-194.177734375,159.51419067382812,0.0393560416996479,8.322442648412121
53.470396623,-193.76171875,159.45333862304688,0.052291449159383774,8.302799398702156
53.520396623,-193.34982299804688,159.40513610839844,0.06147594377398491,8.280036692554246
53.570396624,-192.94322204589844,159.3683624267578,0.07340293377637863,8.246611657621905
53.620396625,-192.5380096435547,159.34036254882812,0.08798354864120483,8.211144910906388
53.670396625,-192.1317901611328,159.31979370117188,0.10219764709472656,8.177905569508358
53.720396626,-191.72071838378906,159.30416870117188,0.11146770417690277,8.311290124853102
53.770396627,-191.3011016845703,159.2937469482422,0.11649726331233978,8.47087306916759
53.820396628,-190.8744354248047,159.28562927246094,0.11894542723894119,8.596341141178108
53.870396628,-190.4432373046875,159.27964782714844,0.1200500875711441,8.65814788408061
53.920396629,-190.0160369873047,159.27565002441406,0.12000415474176407,8.364162661247754
53.97039663,-189.61045837402344,159.2736358642578,0.11908301711082458,8.02650810612674
54.020396631,-189.21173095703125,159.27342224121094,0.11760333925485611,7.936660639094919
54.070396631,-188.817626953125,159.2747039794922,0.11603404581546783,7.843189982502532
54.120396632,-188.42784118652344,159.27720642089844,0.11459457129240036,7.7669853591127564
54.170396633,-188.0409698486328,159.28077697753906,0.11337295174598694,7.723238941787123
54.220396634,-187.65521240234375,159.28526306152344,0.11239158362150192,7.717042429764517
54.270396634,-187.26878356933594,159.29055786132812,0.11163902282714844,7.744777985904191
54.320396635,-186.88009643554688,159.29478454589844,0.11108409613370895,7.800968125493857
54.370396636,-186.48793029785156,159.29833984375,0.11069373786449432,7.877265151774782
54.420396637,-186.09169006347656,159.30162048339844,0.11043456941843033,7.959667764973832
54.470396637,-185.69151306152344,159.3046875,0.1102752685546875,8.034066501466938
54.520396638,-185.28810119628906,159.3076629638672,0.11019046604633331,8.088056546593629
54.570396639,-184.8828125,159.31053161621094,0.11015933752059937,8.113555448949574
54.62039664,-184.47714233398438,159.31333923339844,0.1101650595664978,8.108229855156091
54.67039664,-184.0725555419922,159.3161163330078,0.11019313335418701,8.075679975392232
54.720396641,-183.670166015625,159.31881713867188,0.11023185402154922,8.023685372939669
54.770396642,-183.270751953125,159.3214569091797,0.1102723702788353,7.961954826627548
54.820396643,-182.87448120117188,159.3240203857422,0.11030787974596024,7.900837359669072
54.870396643,-182.48098754882812,159.32652282714844,0.11033405363559723,7.850123226385848
54.920396644,-182.0895233154297,159.32896423339844,0.11034839600324631,7.817717371854363
54.970396645,-181.69903564453125,159.33050537109375,0.1103506088256836,7.808068334832955
55.020396646,-181.30838012695312,159.33140563964844,0.11034267395734787,7.821453091448327
55.070396646,-180.9164581298828,159.33187866210938,0.11032772064208984,7.8539766693080235
55.120396647,-180.52252197265625,159.33203125,0.1103096753358841,7.898978948083586
55.170396648,-180.12619018554688,159.33193969726562,0.11029262095689774,7.94811369593254
55.220396649,-179.7281951904297,159.33163452148438,0.11028831452131271,7.955229151539947
55.270396649,-179.33084106445312,159.33114624023438,0.11029849946498871,7.940971548402171
55.32039665,-178.93418884277344,159.3305206298828,0.11030803620815277,7.926632773816217
55.370396651,-178.5382537841797,159.3297576904297,0.11031581461429596,7.912331799398059
55.420396652,-178.14303588867188,159.32888793945312,0.11032149940729141,7.898063600601149
55.470396652,-177.74855041503906,159.32791137695312,0.11032581329345703,7.883826900798693
55.520396653,-177.3547821044922,159.3268585205078,0.11032912880182266,7.869621130890001
55.570396654,-176.9617156982422,159.32571411132812,0.11033157259225845,7.855447789630552
55.620396655,-176.56935119628906,159.3241729736328,0.11033336073160172,7.841287834387672
55.670396655,-176.177734375,159.32235717773438,0.11033466458320618,7.827181003091282
55.720396656,-175.78643798828125,159.3203125,0.11033099889755249,7.836515059386429
55.770396657,-175.3932342529297,159.318115234375,0.11031169444322586,7.886646145573989
55.820396658,-174.99720764160156,159.31578063964844,0.11028999090194702,7.946309806753886
55.870396658,-174.59814453125,159.31332397460938,0.11027179658412933,8.006559712078
55.920396659,-174.1962432861328,159.3107147216797,0.110260009765625,8.058752769676325
55.97039666,-173.79212951660156,159.30804443359375,0.11025580763816833,8.095941723766172
56.020396661,-173.38668823242188,159.30528259277344,0.11025985330343246,8.113870460777846
56.070396661,-172.98095703125,159.30247497558594,0.11027076840400696,8.111432465437131
56.120396662,-172.57589721679688,159.29962158203125,0.11028682440519333,8.090662301885432
56.170396663,-172.17230224609375,159.2967071533203,0.11030536144971848,8.05600533256282
56.220396663,-171.77072143554688,159.2936553955078,0.11032378673553467,8.013302690255987
56.270396664,-171.37136840820312,159.29052734375,0.11033965647220612,7.968924192338643
56.320396665,-170.97413635253906,159.28732299804688,0.11035091429948807,7.9289566669505955
56.370396666,-170.57864379882812,159.2840576171875,0.11035629361867905,7.898593639196976
56.420396666,-170.18429565429688,159.28076171875,0.11035552620887756,7.881393883827987
56.470396667,-169.7904052734375,159.27740478515625,0.11034926772117615,7.878870144038124
56.520396668000004,-169.39620971679688,159.27406311035156,0.11033859103918076,7.890365388025629
56.570396669,-169.00111389160156,159.27066040039062,0.11032531410455704,7.913358312480229
56.620396669,-168.60459899902344,159.2672119140625,0.11031142622232437,7.943890379713182
56.67039667,-168.2064666748047,159.26377868652344,0.1102989912033081,7.9771718377116
56.720396671,-167.80667114257812,159.26028442382812,0.11028991639614105,8.008319115512434
56.770396672,-167.40550231933594,159.2567596435547,0.11028476804494858,8.03306680739749
56.820396672,-167.00335693359375,159.25323486328125,0.11028438061475754,8.048360306896043
56.870396673,-166.6007537841797,159.24964904785156,0.11028815805912018,8.052721599431099
56.920396674,-166.1982421875,159.2460174560547,0.11029544472694397,8.046352421191138
56.970396675,-165.7963409423828,159.24234008789062,0.11030501872301102,8.030978470899425
57.020396675,-165.3953857421875,159.23866271972656,0.11031509190797806,8.009439416785977
57.070396676,-164.99563598632812,159.23500061035156,0.11032459139823914,7.985168574555331
57.120396677,-164.5970916748047,159.23133850097656,0.1103319525718689,7.961702297015594
57.170396678,-164.19960021972656,159.22763061523438,0.11033657193183899,7.942214870656979
57.220396678,-163.80291748046875,159.2239227294922,0.11033786833286285,7.928060882230584
57.270396679,-163.40696716308594,159.22018432617188,0.1103382483124733,7.9138073463653384
57.32039668,-163.01171875,159.2164764404297,0.11033855378627777,7.899524691980717
57.370396681,-162.6171875,159.21275329589844,0.11033862829208374,7.885275780591475
57.420396681,-162.22335815429688,159.20904541015625,0.1103387400507927,7.871061895492358
57.470396682,-161.8302459716797,159.20538330078125,0.11033877730369568,7.856881309629918
57.520396683,-161.43785095214844,159.20172119140625,0.11033882200717926,7.842733759626833
57.570396684,-161.046142578125,159.1980438232422,0.11033882200717926,7.8286195763940984
57.620396684,-160.65516662597656,159.19432067871094,0.11033885926008224,7.814538442415796
57.670396685,-160.26487731933594,159.19056701660156,0.1103387400507927,7.800490498810828
57.720396686,-159.8752899169922,159.1868438720703,0.11033885926008224,7.786475494342568
57.770396687,-159.4836883544922,159.18310546875,0.11031417548656464,7.864853673541552
57.820396687,-159.08798217773438,159.1793212890625,0.11028209328651428,7.952062543100124
57.870396688,-158.687744140625,159.17544555664062,0.11025416851043701,8.043461984926624
57.920396689,-158.28298950195312,159.1715545654297,0.11023315042257309,8.130854746579335
57.97039669,-157.87417602539062,159.16757202148438,0.11022090911865234,8.206763820641005
58.02039669,-157.46202087402344,159.16355895996094,0.11021770536899567,8.265231039336241
58.070396691,-157.0475616455078,159.15956115722656,0.11022315919399261,8.302495873420666
58.120396692,-156.63189697265625,159.155517578125,0.11023589968681335,8.317323969999299
58.170396693,-156.21609497070312,159.15150451660156,0.11025420576334,8.310692764564491
58.220396693,-155.8012237548828,159.14749145507812,0.11027602851390839,8.285384078729779
58.270396694,-155.38803100585938,159.14344787597656,0.11029933393001556,8.245178760631982
58.320396695,-154.9772186279297,159.13941955566406,0.11032218486070633,8.194370428991956
58.370396696,-154.56915283203125,159.13543701171875,0.1103425920009613,8.137324088361932
58.420396696,-154.1640167236328,159.13148498535156,0.11035987734794617,8.078342870617716
58.470396697,-153.7617950439453,159.12754821777344,0.11037307232618332,8.02150583537105
58.520396698,-153.36227416992188,159.12364196777344,0.11038108915090561,7.970514757411272
58.570396699,-152.96505737304688,159.11978149414062,0.11038417369127274,7.9285683367543
58.620396699,-152.56964111328125,159.1159210205078,0.11038192361593246,7.898228696531396
58.6703967,-152.17532348632812,159.112060546875,0.11037517338991165,7.881143839523598
58.720396701,-151.78147888183594,159.10821533203125,0.11036403477191925,7.877977069667774
58.770396701,-151.38739013671875,159.10435485839844,0.1103501096367836,7.888362637191542
58.820396702,-150.99240112304688,159.10049438476562,0.11033423990011215,7.910975830123732
58.870396703,-150.59600830078125,159.0966339111328,0.11031772196292877,7.943558246908952
58.920396704,-150.19772338867188,159.09274291992188,0.11030200868844986,7.9830865983241175
58.970396704,-149.79734802246094,159.08883666992188,0.11028819531202316,8.026029739401903
59.020396705,-149.3948211669922,159.08489990234375,0.11027717590332031,8.068695346329612
59.070396706,-148.990234375,159.08094787597656,0.11027003824710846,8.107583268968668
59.120396707,-148.58387756347656,159.07699584960938,0.11026683449745178,8.139739837729975
59.170396707,-148.17616271972656,159.072998046875,0.11026767641305923,8.163010599880158
59.220396708,-147.76759338378906,159.06900024414062,0.11027217656373978,8.176178608676302
59.270396709,-147.35865783691406,159.06500244140625,0.11027964949607849,8.178993989060512
59.32039671,-146.9498748779297,159.0609893798828,0.1102893054485321,8.17207189151488
59.37039671,-146.5417022705078,159.05699157714844,0.1103004440665245,8.156751336589307
59.420396711,-146.1344757080078,159.0530242919922,0.11031181365251541,8.134866330003241
59.470396712,-145.72850036621094,159.049072265625,0.11032252758741379,8.108537941878303
59.520396713,-145.3238983154297,159.0451202392578,0.11033210158348083,8.080011229728907
59.570396713,-144.92076110839844,159.04116821289062,0.11033958196640015,8.051494054159258
59.620396714,-144.5189971923828,159.03726196289062,0.11034492403268814,8.02503691384524
59.670396715,-144.1184539794922,159.03335571289062,0.11034755408763885,8.002414681152683
59.720396716,-143.71890258789062,159.02944946289062,0.11034759134054184,7.985040291159267
59.770396716,-143.32003784179688,159.02554321289062,0.1103452667593956,7.973888922850622
59.820396717,-142.92153930664062,159.02163696289062,0.11034080386161804,7.969438389677529
59.870396718,-142.52305603027344,159.01773071289062,0.11033477634191513,7.971656741873198
59.920396719,-142.12429809570312,159.01382446289062,0.11032745242118835,7.980026109499279
59.970396719,-141.72494506835938,159.00991821289062,0.11031978577375412,7.993583235897056
60.02039672,-141.32481384277344,159.00601196289062,0.11031203716993332,8.011001972759972
60.070396721,-140.9237060546875,159.00210571289062,0.11030513793230057,8.030703915273568
60.120396722,-140.52159118652344,158.99819946289062,0.11029922217130661,8.05101051791642
60.170396722,-140.1184844970703,158.99424743652344,0.11029490828514099,8.07028042611083
60.220396723,-139.7144775390625,158.99029541015625,0.11029250919818878,8.087055403771117
60.270396724,-139.3097381591797,158.986328125,0.11029201000928879,8.100175726832035
60.320396725,-138.9044647216797,158.9823760986328,0.11029326915740967,8.108860298621869
60.370396725,-138.4989013671875,158.97842407226562,0.11029616743326187,8.112742891978213
60.420396726,-138.09329223632812,158.97447204589844,0.11030028760433197,8.111867377174509
60.470396727,-137.68783569335938,158.97052001953125,0.11030524969100952,8.106643853975998
60.520396728,-137.28274536132812,158.966552734375,0.11031059175729752,8.097780936421117
60.570396728,-136.87820434570312,158.9626007080078,0.11031593382358551,8.086211361847697
60.620396729,-136.4742889404297,158.95864868164062,0.11032070219516754,8.07298994539833
60.67039673,-136.07106018066406,158.95469665527344,0.11032489687204361,8.059214415659573
60.720396731,-135.66851806640625,158.95077514648438,0.11032802611589432,8.04594340359884
60.770396731,-135.26658630371094,158.94686889648438,0.1103300079703331,8.034126817982665
60.820396732,-134.86520385742188,158.94296264648438,0.11033058166503906,8.024552425428695
60.870396733,-134.46420288085938,158.93905639648438,0.11032997071743011,8.01779245999319
60.920396734,-134.06346130371094,158.93515014648438,0.11032833158969879,8.01418358423498
60.970396734,-133.66278076171875,158.93124389648438,0.11032569408416748,8.013810679415133
61.020396735,-133.26205444335938,158.92733764648438,0.11032260954380035,8.016510659503995
61.070396736,-132.86109924316406,158.92343139648438,0.1103188693523407,8.021899175481497
61.120396737,-132.45982360839844,158.91952514648438,0.11031516641378403,8.029403997291226
61.170396737,-132.05813598632812,158.91561889648438,0.11031165719032288,8.038322230920688
61.220396738,-131.65594482421875,158.91171264648438,0.11030860990285873,8.0478794567004
61.270396739,-131.2532958984375,158.9077606201172,0.11030620336532593,8.05729648565281
61.320396739,-130.85018920898438,158.90380859375,0.11030460149049759,8.065853258809076
61.37039674,-130.4467010498047,158.8998565673828,0.11030406504869461,8.072940350441662
61.420396741,-130.0428924560547,158.89588928222656,0.1103041023015976,8.078105697333779
61.470396742,-129.63890075683594,158.89193725585938,0.1103052869439125,8.081080349595721
61.520396742,-129.23484802246094,158.8879852294922,0.11030685156583786,8.081781333805036
61.570396743,-128.830810546875,158.884033203125,0.11030898988246918,8.080310697925007
61.620396744,-128.42689514160156,158.8800811767578,0.11031150817871094,8.076927853156857
61.670396745,-128.02320861816406,158.87611389160156,0.11031406372785568,8.072020011371624
61.720396745,-127.61978912353516,158.87216186523438,0.11031650006771088,8.066058309455045
61.770396746,-127.2166976928711,158.8682098388672,0.11031867563724518,8.059566339262359
61.820396747,-126.81392669677734,158.8642578125,0.11032043397426605,8.053065784882348
61.870396748,-126.41146850585938,158.86029052734375,0.11032165586948395,8.047046712091126
61.920396748,-126.00928497314453,158.85633850097656,0.11032211035490036,8.041930463544077
61.970396749,-125.6073226928711,158.85235595703125,0.11032222211360931,8.038044222547056
62.02039675,-125.20553588867188,158.84835815429688,0.1103217676281929,8.035606511006616
62.070396751,-124.80381774902344,158.8444061279297,0.11032070219516754,8.034709143926085
62.120396751,-124.40208435058594,158.84043884277344,0.11031928658485413,8.035325797030149
62.170396752,-124.00029754638672,158.8365020751953,0.11031761020421982,8.037316313510155
62.220396753,-123.59837341308594,158.8325653076172,0.110315702855587,8.040445066946527
62.270396754,-123.19625854492188,158.82861328125,0.11031398177146912,8.044401983903311
62.320396754,-122.7939224243164,158.8246612548828,0.11031242460012436,8.048831631271652
62.370396755,-122.39137268066406,158.82069396972656,0.11031131446361542,8.05336682947893
62.420396756,-121.98859405517578,158.81674194335938,0.11031021177768707,8.057650053853749
62.470396757,-121.58562469482422,158.8127899169922,0.11030986905097961,8.061370482420688
62.520396757,-121.1824951171875,158.808837890625,0.11030951887369156,8.064278306348694
62.570396758,-120.77923583984375,158.8048858642578,0.11031001806259155,8.066203797106994
62.620396759,-120.37591552734375,158.80091857910156,0.11031047254800797,8.067063044931276
62.67039676,-119.97259521484375,158.79701232910156,0.11031147092580795,8.066862010064655
62.72039676,-119.56930541992188,158.79307556152344,0.11031268537044525,8.06568452324625
62.770396761,-119.16608428955078,158.78912353515625,0.11031375825405121,8.063684322564148
62.820396762,-118.76299285888672,158.78517150878906,0.1103149801492691,8.061068681280805
62.870396763,-118.36003875732422,158.78121948242188,0.11031612008810043,8.058075096678936
62.920396763,-117.95724487304688,158.7772674560547,0.11031703650951385,8.054956419901323
62.970396764,-117.55460357666016,158.7733154296875,0.11031775921583176,8.051954984450566
63.020396765,-117.15210723876953,158.76937866210938,0.11031822115182877,8.04929210448941
63.070396766,-116.74972534179688,158.76547241210938,0.1103183701634407,8.047148063165967
63.120396766,-116.34742736816406,158.76156616210938,0.11031822115182877,8.045651621613725
63.170396767,-115.94518280029297,158.75765991210938,0.11031784117221832,8.044873349090295
63.220396768,-115.54297637939453,158.75375366210938,0.11031726747751236,8.044829457647372
63.270396769,-115.14073181152344,158.74984741210938,0.11031654477119446,8.045475117925134
63.320396769,-114.73845672607422,158.74594116210938,0.110315702855587,8.046721625780757
63.37039677,-114.33609008789062,158.74203491210938,0.11031489819288254,8.048431642363603
63.420396771,-113.93363189697266,158.73812866210938,0.11031410098075867,8.050447808073022
63.470396772,-113.53105926513672,158.73419189453125,0.11031349003314972,8.052596540414884
63.520396772,-113.12838745117188,158.730224609375,0.11031276732683182,8.05470521459803
63.570396773,-112.72562408447266,158.7262725830078,0.1103125736117363,8.05661456172673
63.620396774,-112.32276153564453,158.72232055664062,0.11031226813793182,8.058191062194721
63.670396775,-111.91983795166016,158.71836853027344,0.11031264811754227,8.058527725407876
63.720396775,-111.51702117919922,158.71441650390625,0.11031398177146912,8.054209282343988
63.770396776,-111.11468505859375,158.7104949951172,0.11031833291053772,8.040217259649582
63.820396777,-110.71342468261719,158.7065887451172,0.11032649874687195,8.012965670623178
63.870396777,-110.31491088867188,158.70269775390625,0.11034900695085526,7.933209899423972
63.920396778,-109.920654296875,158.6988525390625,0.11037509888410568,7.85143653476317
63.970396779,-109.52857208251953,158.69503784179688,0.11037696897983551,7.836239486922712
64.02039678,-109.14173889160156,158.69126892089844,0.11042144894599915,7.630411977745571
64.07039678,-108.76248168945312,158.68756103515625,0.11044540256261826,7.580331198777859
64.120396781,-108.38392639160156,158.68385314941406,0.11042571812868118,7.567466472767982
64.170396782,-108.00697326660156,158.68017578125,0.11041602492332458,7.517188751037757
64.220396783,-107.6346664428711,158.67654418945312,0.11043594032526016,7.387650715434198
64.270396783,-107.26663970947266,158.67294311523438,0.11043628305196762,7.3565399000135745
64.320396784,-106.90035247802734,158.6693572998047,0.11042789369821548,7.30155747850414
64.370396785,-106.53848266601562,158.66583251953125,0.11044212430715561,7.186862660244941
64.420396786,-106.18033599853516,158.6623077392578,0.11043766140937805,7.159007367627931
64.470396786,-105.82990264892578,158.6588897705078,0.11049243807792664,6.862813478517767
64.520396787,-105.49504852294922,158.65560913085938,0.11057216674089432,6.590313802781051
64.570396788,-105.17257690429688,158.6524658203125,0.11062003672122955,6.354690179377627
64.620396789,-104.86085510253906,158.6494140625,0.11064209043979645,6.158925842358009
64.670396789,-104.55745697021484,158.64645385742188,0.11063781380653381,6.014910819342994
64.72039679,-104.25983428955078,158.6435546875,0.11061206459999084,5.920254132180853
64.770396791,-103.96561431884766,158.6406707763672,0.1105712503194809,5.87097590762399
64.820396792,-103.67262268066406,158.63778686523438,0.1105208545923233,5.863185924343173
64.870396792,-103.37891387939453,158.63491821289062,0.11046542972326279,5.892705459028023
64.920396793,-103.08270263671875,158.6320343017578,0.1104082465171814,5.9557396597465315
64.970396794,-102.78244018554688,158.6291046142578,0.11035232245922089,6.0482824284581325
65.020396795,-102.47681427001953,158.62611389160156,0.11029933393001556,6.164634334569125
65.070396795,-102.1649169921875,158.62306213378906,0.11025344580411911,6.291009355439534
65.120396796,-101.84715270996094,158.61996459960938,0.11022262275218964,6.396682936401918
65.170396797,-101.53144073486328,158.61688232421875,0.11028651893138885,6.180261984910572
65.220396798,-101.22532653808594,158.61390686035156,0.1103525161743164,6.131089625716078
65.270396798,-100.9185791015625,158.61093139648438,0.11034820228815079,6.135134350515003
65.320396799,-100.61253356933594,158.60794067382812,0.11034843325614929,6.107214681071615
65.3703968,-100.31199645996094,158.60501098632812,0.11039508879184723,5.926576339083909
65.420396801,-100.01873779296875,158.60214233398438,0.11042933911085129,5.831180517937525
65.470396801,-99.72932434082031,158.5993194580078,0.11043769866228104,5.757115119674046
65.520396802,-99.44392395019531,158.59652709960938,0.11044280976057053,5.676273063288425
65.570396803,-99.16236114501953,158.59378051757812,0.11044494062662125,5.602438461688077
65.620396804,-98.88430786132812,158.591064453125,0.11044387519359589,5.535177851127611
65.670396804,-98.60931396484375,158.58837890625,0.11043903231620789,5.478757696550768
65.72039680500001,-98.33684539794922,158.58572387695312,0.11043086647987366,5.43255235832339
65.770396806,-98.06637573242188,158.58309936523438,0.11042045056819916,5.396352017870193
65.820396807,-97.79751586914062,158.58045959472656,0.11040893197059631,5.36679433428153
65.870396807,-97.53001403808594,158.57785034179688,0.11039825528860092,5.340750153199961
65.920396808,-97.2638168334961,158.57525634765625,0.11038978397846222,5.313530037417208
65.970396809,-96.99909973144531,158.5726318359375,0.11038455367088318,5.2819769296903765
66.02039681,-96.73616027832031,158.57003784179688,0.1103833019733429,5.242925849536425
66.07039681,-96.47541046142578,158.56748962402344,0.11038550734519958,5.19589659520323
66.120396811,-96.21723175048828,158.56494140625,0.11039058119058609,5.140733008962895
66.170396812,-95.96199035644531,158.56243896484375,0.11039703339338303,5.080215795109572
66.220396813,-95.70989227294922,158.55995178222656,0.11040393263101578,5.0160320000618634
66.270396813,-95.46098327636719,158.55751037597656,0.11030200868844986,4.952807659172221
66.320396814,-95.21516418457031,158.5550994873047,0.11019103974103928,4.892643920513987
66.370396815,-94.97218322753906,158.55270385742188,0.1101355329155922,4.83836890610213
66.420396815,-94.73173522949219,158.55035400390625,0.11011474579572678,4.791524504271271
66.470396816,-94.49339294433594,158.5480194091797,0.11011401563882828,4.752357604467127
66.520396817,-94.2568130493164,158.54568481445312,0.1101234033703804,4.719765180492489
66.570396818,-94.02171325683594,158.5433807373047,0.11013729125261307,4.69149023851225
66.620396818,-93.7879867553711,158.5410919189453,0.11015205085277557,4.664558605632325
66.670396819,-93.55563354492188,158.53878784179688,0.11016666144132614,4.635885953171971
66.72039682,-93.3248291015625,158.5365447998047,0.11018066108226776,4.602905822889555
66.770396821,-93.09584045410156,158.53428649902344,0.11019401252269745,4.564079388266886
66.820396821,-92.86894989013672,158.5320587158203,0.11020664125680923,4.519153914672857
66.870396822,-92.64447784423828,158.5298614501953,0.11021815985441208,4.46914082185646
66.920396823,-92.42259216308594,158.52767944335938,0.11022819578647614,4.416049597021542
66.970396824,-92.20338439941406,158.52552795410156,0.11023604869842529,4.36245337784459
67.020396824,-91.98683166503906,158.52340698242188,0.11024104803800583,4.310992539742036
67.070396825,-91.77273559570312,158.52133178710938,0.1102432981133461,4.263885878973889
67.120396826,-91.56080627441406,158.519287109375,0.11024261265993118,4.222523695700699
67.170396827,-91.35079956054688,158.51722717285156,0.110239177942276,4.1872054498152975
67.220396827,-91.14238739013672,158.51519775390625,0.11023399233818054,4.157075369579596
67.270396828,-90.93537902832031,158.51316833496094,0.1102280393242836,4.130292861746317
67.320396829,-90.72966766357422,158.51116943359375,0.11022254824638367,4.104417859715972
67.37039683,-90.52528381347656,158.50917053222656,0.11021846532821655,4.076949707473574
67.42039683,-90.32233428955078,158.50717163085938,0.11021598428487778,4.049202141565826
67.470396831,-90.12008666992188,158.5052032470703,0.11020839214324951,4.043066842044945
67.520396832,-89.91815185546875,158.5032501220703,0.1101999282836914,4.036896266557846
67.570396833,-89.71660614013672,158.4987335205078,0.11019313335418701,4.029575012197178
67.620396833,-89.52033996582031,158.49305725097656,0.110234335064888,3.836854924585754
67.670396834,-89.32948303222656,158.48727416992188,0.11025355756282806,3.8154290994844198
67.720396835,-89.13899993896484,158.48123168945312,0.1102413535118103,3.8098014799086264
67.770396836,-88.94883728027344,158.47499084472656,0.11022548377513885,3.8040690850497922
67.820396836,-88.75894927978516,158.46856689453125,0.11021209508180618,3.798322541668194
67.870396837,-88.56935119628906,158.4619903564453,0.11020149290561676,3.7925832893222733
67.920396838,-88.3819351196289,158.45530700683594,0.11021098494529724,3.718253436277091
67.970396839,-88.19939422607422,158.4486846923828,0.11023730784654617,3.6047067407451414
68.020396839,-88.02262878417969,158.442138671875,0.11026496440172195,3.491931994597672
68.07039684,-87.8509521484375,158.43565368652344,0.11028255522251129,3.4010654792831607
68.120396841,-87.68275451660156,158.42919921875,0.11028346419334412,3.3499919527580304
68.170396842,-87.51567840576172,158.42269897460938,0.1102655753493309,3.3479225804506454
68.220396842,-87.34745025634766,158.41607666015625,0.1102328822016716,3.3880244103894133
68.270396843,-87.17637634277344,158.40928649902344,0.11019381880760193,3.4536710690537578
68.320396844,-87.001953125,158.40228271484375,0.11015903204679489,3.517789817501815
68.370396845,-86.83124542236328,158.39537048339844,0.11019813269376755,3.312895886573842
68.420396845,-86.66622161865234,158.38864135742188,0.11022384464740753,3.3099031233497307
68.470396846,-86.50035858154297,158.3818359375,0.11021076142787933,3.3281433390242112
68.520396847,-86.33370971679688,158.37496948242188,0.11019416898488998,3.3408291044061307
68.570396848,-86.16693115234375,158.3680419921875,0.1101849377155304,3.3343639580640367
68.620396848,-86.0030288696289,158.36122131347656,0.11020320653915405,3.2383295992315038
68.670396849,-85.84269714355469,158.35450744628906,0.11021900177001953,3.1902895022476354
68.72039685,-85.68465423583984,158.34786987304688,0.11022552102804184,3.1457626490428634
68.770396851,-85.5287094116211,158.34129333496094,0.11022765934467316,3.1065451990463644
68.820396851,-85.3744888305664,158.33477783203125,0.11022602021694183,3.0758156063455675
68.870396852,-85.22151947021484,158.3282928466797,0.11022121459245682,3.054248501798137
68.920396853,-85.06944274902344,158.32183837890625,0.11021411418914795,3.039707555493811
68.970396853,-84.91796875,158.3153533935547,0.11020660400390625,3.0278358931741796
69.020396854,-84.76744079589844,158.30545043945312,0.11020248383283615,3.009627698315614
69.070396855,-84.61812591552734,158.2920684814453,0.11020183563232422,2.989467395959156
69.120396856,-84.4700927734375,158.27796936035156,0.1102018728852272,2.9613642918731604
69.170396856,-84.3237075805664,158.2635498046875,0.110203318297863,2.926402268600212
69.220396857,-84.17923736572266,158.2489013671875,0.11020644754171371,2.887615114281561
69.270396858,-84.0367431640625,158.2340545654297,0.11021007597446442,2.8493509343241583
69.320396859,-83.89607238769531,158.21902465820312,0.11021224409341812,2.815944443516602
69.370396859,-83.75688934326172,158.20382690429688,0.11021190136671066,2.7904122475688578
69.42039686,-83.6187515258789,158.1884307861328,0.11020862311124802,2.7735526803267656
69.470396861,-83.48117065429688,158.1727752685547,0.11020198464393616,2.7676624871837663
69.520396862,-83.3438491821289,158.15689086914062,0.11019439250230789,2.76371869373157
69.570396862,-83.20674896240234,158.14077758789062,0.11018817871809006,2.759770800115643
69.620396863,-83.07042694091797,158.12109375,0.11018623411655426,2.751119143692336
69.670396864,-82.93607330322266,158.09329223632812,0.11019404977560043,2.7386440948804105
69.720396865,-82.8033676147461,158.05943298339844,0.110198974609375,2.735461219833666
69.770396865,-82.67125701904297,158.0235137939453,0.1101897805929184,2.732442111540443
69.820396866,-82.53956604003906,157.9864044189453,0.1101754754781723,2.729251058020556
69.870396867,-82.4083480834961,157.9482879638672,0.1101643368601799,2.7259800408641204
69.920396868,-82.27759552001953,157.9092559814453,0.11015892028808594,2.7226127289094038
69.970396868,-82.14820861816406,157.8697052001953,0.11016799509525299,2.6679406300281627
70.020396869,-82.02232360839844,157.830322265625,0.110188789665699,2.6193383256428358
70.07039687,-81.89739227294922,157.7902374267578,0.11019057780504227,2.6300580568413223
70.120396871,-81.7708511352539,157.7487335205078,0.11017272621393204,2.6904472760632334
70.170396871,-81.64054870605469,157.70513916015625,0.1101403757929802,2.792250661562653
70.220396872,-81.50469207763672,157.6588592529297,0.11010001599788666,2.9285207043663375
70.270396873,-81.36329650878906,157.6058807373047,0.11006301641464233,3.0865139013826424
70.320396874,-81.21476745605469,157.54660034179688,0.11002197116613388,3.2758927357341867
70.370396874,-81.0573501586914,157.4824981689453,0.10997837036848068,3.48382109395701
70.420396875,-80.89030456542969,157.41314697265625,0.1099422425031662,3.706976247264192
70.470396876,-80.71519470214844,157.3339080810547,0.11004779487848282,3.9300609693676414
70.520396877,-80.5316390991211,157.24449157714844,0.1104237362742424,4.172368665327333
70.570396877,-80.33818054199219,157.1471405029297,0.11114951968193054,4.418987438337505
70.620396878,-80.13758087158203,157.03759765625,0.11165618896484375,4.658243877561723
70.670396879,-79.92984008789062,156.91551208496094,0.11192401498556137,4.914766867008017
70.72039688,-79.71318817138672,156.78341674804688,0.11215244233608246,5.170970337518942
70.77039688,-79.48753356933594,156.6415557861328,0.11229385435581207,5.426396595249618
70.820396881,-79.25659942626953,156.48526000976562,0.11243236064910889,5.664393066828307
70.870396882,-79.02047729492188,156.3142852783203,0.1135919913649559,5.914285340847876
70.920396883,-78.78187561035156,156.12571716308594,0.11632152646780014,6.138863287802422
70.970396883,-78.54088592529297,155.92105102539062,0.11951281875371933,6.384522567427597
71.020396884,-78.30059051513672,155.69842529296875,0.12230491638183594,6.605560437358971
71.070396885,-78.06604766845703,155.4541015625,0.12487296760082245,6.821799890934103
71.120396886,-77.8350830078125,155.19158935546875,0.12761832773685455,7.0584529018580096
71.170396886,-77.61127471923828,154.9095916748047,0.13151797652244568,7.265272635649583
71.220396887,-77.39360809326172,154.60887145996094,0.13616633415222168,7.4920928568500065
71.270396888,-77.18526458740234,154.2885284423828,0.14090019464492798,7.688665309006905
71.320396889,-76.98649597167969,153.94924926757812,0.14633376896381378,7.901828034650764
71.370396889,-76.80061340332031,153.59085083007812,0.1534159779548645,8.073007694145302
71.42039689,-76.6336898803711,153.21481323242188,0.16136646270751953,8.203090553188783
71.47039689100001,-76.48487091064453,152.82598876953125,0.16931812465190887,8.27172805211348
71.520396891,-76.35924530029297,152.43099975585938,0.17734523117542267,8.219102513191165
71.570396892,-76.2555160522461,152.03390502929688,0.18480269610881805,8.190555790033395
71.620396893,-76.17546844482422,151.6339874267578,0.1911289542913437,8.130009619508026
71.670396894,-76.12504577636719,151.23207092285156,0.19729937613010406,8.046250047703747
71.720396894,-76.10295104980469,150.83067321777344,0.2020876258611679,8.004979026014574
71.770396895,-76.10403442382812,150.42955017089844,0.2045729011297226,7.973383767988916
71.820396896,-76.1246109008789,150.0301055908203,0.20469596982002258,7.949019915570141
71.870396897,-76.16197204589844,149.6336212158203,0.20394057035446167,7.927220989214043
71.920396897,-76.21304321289062,149.23951721191406,0.2022930532693863,7.9079417778270065
71.970396898,-76.27549743652344,148.84817504882812,0.20006926357746124,7.8909350489885925
72.020396899,-76.34831237792969,148.45693969726562,0.19759447872638702,7.967791347288153
72.0703969,-76.43043518066406,148.06422424316406,0.19512401521205902,8.034667657833452
72.1203969,-76.51979064941406,147.67039489746094,0.19278404116630554,8.083939298417802
72.170396901,-76.61517333984375,147.27639770507812,0.19061946868896484,8.105650190000203
72.220396902,-76.71549987792969,146.8834991455078,0.18861861526966095,8.098938632786034
72.270396903,-76.81975555419922,146.49281311035156,0.1867644041776657,8.067146307974992
72.320396903,-76.92706298828125,146.10525512695312,0.18503399193286896,8.017596637167074
72.370396904,-77.0367431640625,145.72129821777344,0.18340247869491577,7.95947706552786
72.420396905,-77.14830017089844,145.3408660888672,0.18197771906852722,7.901457730244207
72.470396906,-77.26153564453125,144.9635467529297,0.18090678751468658,7.853615016431242
72.520396906,-77.37626647949219,144.5886688232422,0.1800413429737091,7.823671828723141
72.570396907,-77.49250030517578,144.21517944335938,0.17928916215896606,7.815570436537363
72.620396908,-77.61022186279297,143.84202575683594,0.17865733802318573,7.829058282392651
72.670396909,-77.7296142578125,143.4683380126953,0.17831499874591827,7.860460042381928
72.720396909,-77.84908294677734,143.09268188476562,0.17819446325302124,7.9032758632559705
72.77039691,-77.9689712524414,142.7147674560547,0.17820121347904205,7.949641681289044
72.820396911,-78.08921813964844,142.33480834960938,0.17796450853347778,7.992692351639396
72.870396912,-78.21044921875,141.95338439941406,0.17734481394290924,8.024829694829284
72.920396912,-78.33213806152344,141.5708465576172,0.17664554715156555,8.040096792019439
72.970396913,-78.45399475097656,141.18807983398438,0.1758960634469986,8.037854377966774
73.020396914,-78.57550811767578,140.8055419921875,0.174905925989151,8.019776319453197
73.070396915,-78.69725036621094,140.42420959472656,0.17353180050849915,7.9903767978436475
73.120396915,-78.81855010986328,140.04457092285156,0.17198584973812103,7.955515800209219
73.170396916,-78.9393081665039,139.66661071777344,0.17038260400295258,7.920972226266433
73.220396917,-79.05958557128906,139.29017639160156,0.16877040266990662,7.892442958184393
73.270396918,-79.17955017089844,138.91485595703125,0.1671719253063202,7.8742380406574375
73.320396918,-79.29936218261719,138.5400390625,0.16559752821922302,7.868699912251733
73.370396919,-79.41950225830078,138.16526794433594,0.16404734551906586,7.875833125304101
73.42039692,-79.5400619506836,137.78988647460938,0.16251975297927856,7.893594009309038
73.470396921,-79.66111755371094,137.4134979248047,0.1610112339258194,7.918278321450274
73.520396921,-79.78242492675781,137.03671264648438,0.15953005850315094,7.9114081370074025
73.570396922,-79.90363311767578,136.66055297851562,0.1580725461244583,7.898622862763862
73.620396923,-80.02454376220703,136.28524780273438,0.15630874037742615,7.889191778050846
73.670396924,-80.14529418945312,135.9113311767578,0.15300635993480682,7.87976310582381
73.720396924,-80.26631164550781,135.53729248046875,0.1501087099313736,7.864997530383446
73.770396925,-80.38704681396484,135.16346740722656,0.1478927582502365,7.85188163418958
73.820396926,-80.50745391845703,134.78994750976562,0.14597442746162415,7.8401308669332055
73.870396926,-80.6281967163086,134.41603088378906,0.14301204681396484,7.828314904005072
73.920396927,-80.74891662597656,134.04342651367188,0.1399075984954834,7.818398520514861
73.970396928,-80.86902618408203,133.67173767089844,0.137459859251976,7.8064933878462295
74.020396929,-80.99169921875,133.3011474609375,0.13554729521274567,7.818185172543193
74.070396929,-81.11708068847656,132.9296875,0.13396620750427246,7.8613856802379924
74.12039693,-81.24478149414062,132.55625915527344,0.13256843388080597,7.9182748339514575
74.170396931,-81.37464141845703,132.1803741455078,0.13124781847000122,7.980044933912345
74.220396932,-81.50643920898438,131.8019256591797,0.1299457550048828,8.037582401970317
74.270396932,-81.63983154296875,131.4213409423828,0.1286495178937912,8.082814325531217
74.320396933,-81.77445220947266,131.039306640625,0.12733466923236847,8.110326227677724
74.370396934,-81.91273498535156,130.65780639648438,0.1259891837835312,8.115563579028354
74.420396935,-82.05368041992188,130.2775421142578,0.12462188303470612,8.10299382528485
74.470396935,-82.1961898803711,129.89906311035156,0.12325958162546158,8.074184333992966
74.520396936,-82.33960723876953,129.52285766601562,0.1218755692243576,8.034588568797814
74.570396937,-82.48351287841797,129.14913940429688,0.1204654648900032,7.9903819392115425
74.620396938,-82.62761688232422,128.77786254882812,0.11904086917638779,7.947803479430437
74.670396938,-82.7718276977539,128.40872192382812,0.11762119084596634,7.912541925208864
74.720396939,-82.9162368774414,128.04119873046875,0.11619845777750015,7.888867862125284
74.77039694,-83.06097412109375,127.67462921142578,0.11478538066148758,7.879383655066634
74.820396941,-83.20624542236328,127.30831909179688,0.11336017400026321,7.884548525758959
74.870396941,-83.35222625732422,126.94161987304688,0.1119052842259407,7.902563293356152
74.920396942,-83.49906921386719,126.5739974975586,0.11043716222047806,7.930048482937116
74.970396943,-83.64684295654297,126.20508575439453,0.10898082703351974,7.9625425245376436
75.020396944,-83.79920959472656,125.83634185791016,0.10753227025270462,7.99203729558184
75.070396944,-83.95577239990234,125.46772003173828,0.10608451813459396,8.02054135054235
75.120396945,-84.11521911621094,125.09902954101562,0.104628786444664,8.041118847030353
75.170396946,-84.27685546875,124.73047637939453,0.10315132141113281,8.05155843703366
75.220396947,-84.44004821777344,124.36238861083984,0.10167064517736435,8.051062412141931
75.270396947,-84.60427856445312,123.9951171875,0.10022033751010895,8.040585589625083
75.320396948,-84.76914978027344,123.62897491455078,0.09877746552228928,8.022425513662148
75.370396949,-84.93441009521484,123.26416778564453,0.09732577949762344,7.999621331170662
75.42039695,-85.09986877441406,122.9007797241211,0.09587104618549347,7.975656086254715
75.47039695,-85.26545715332031,122.53873443603516,0.09443160891532898,7.953925053442793
75.520396951,-85.43120574951172,122.17777252197266,0.09299022704362869,7.9381563330637235
75.570396952,-85.59718322753906,121.817626953125,0.09156440198421478,7.925340163896314
75.620396953,-85.7633056640625,121.45825958251953,0.09014476835727692,7.912605228398116
75.670396953,-85.92952728271484,121.09964752197266,0.08870162814855576,7.899962407464175
75.720396954,-86.0958023071289,120.74177551269531,0.08724933117628098,7.887280890477973
75.770396955,-86.26546478271484,120.38629913330078,0.0858137458562851,7.872004587018616
75.820396956,-86.43810272216797,120.03300476074219,0.08439537137746811,7.859535078386968
75.870396956,-86.6126480102539,119.68133544921875,0.08296428620815277,7.846891876672727
75.920396957,-86.78862762451172,119.33106994628906,0.08151718229055405,7.834335115227281
75.970396958,-86.96564483642578,118.98200225830078,0.08011172711849213,7.821582857700223
76.020396959,-87.1435317993164,118.63384246826172,0.07875221222639084,7.828902951660638
76.070396959,-87.32349395751953,118.28386688232422,0.07738891243934631,7.901447711573249
76.12039696,-87.5060043334961,117.93073272705078,0.0760253518819809,7.983954364335573
76.170396961,-87.69110870361328,117.57422637939453,0.07468826323747635,8.068110475131755
76.220396962,-87.87867736816406,117.21443939208984,0.0734030157327652,8.146493854038551
76.270396962,-88.06844329833984,116.85173797607422,0.07215141505002975,8.212613403975817
76.320396963,-88.25997161865234,116.48678588867188,0.07089588046073914,8.261640006693382
76.370396964,-88.4560317993164,116.12222290039062,0.06961047649383545,8.288002056805139
76.420396964,-88.65584564208984,115.7587890625,0.06827880442142487,8.2968423636621
76.470396965,-88.85794067382812,115.39678192138672,0.06691855937242508,8.28633272847823
76.520396966,-89.06139373779297,115.03666687011719,0.06552455574274063,8.259535414881164
76.570396967,-89.26546478271484,114.67888641357422,0.0640796646475792,8.220063358494771
76.620396967,-89.46963500976562,114.32374572753906,0.06258079409599304,8.171851917510155
76.670396968,-89.67352294921875,113.97138214111328,0.06106063723564148,8.118874913998155
76.720396969,-89.87686920166016,113.62184143066406,0.05953036993741989,8.065093130309455
76.77039697,-90.07958984375,113.27498626708984,0.05799472704529762,8.01416078241143
76.82039697,-90.2817153930664,112.93055725097656,0.05646705627441406,7.969374376793386
76.870396971,-90.48336791992188,112.58817291259766,0.05494499206542969,7.933579078497612
76.920396972,-90.68476104736328,112.24735260009766,0.053429946303367615,7.908805256641735
76.970396973,-90.88921356201172,111.90956115722656,0.05192592367529869,7.888365973714504
77.020396973,-91.09622192382812,111.57461547851562,0.05043189972639084,7.865329984315013
77.070396974,-91.3046646118164,111.24205780029297,0.04894805699586868,7.83810095071816
77.120396975,-91.51403045654297,110.91175842285156,0.04747234284877777,7.809241505288675
77.170396976,-91.72389221191406,110.58348083496094,0.046004295349121094,7.780978844362559
77.220396976,-91.9340591430664,110.25701141357422,0.044544678181409836,7.755282768672003
77.270396977,-92.14443969726562,109.93206787109375,0.0430920384824276,7.733919954649886
77.320396978,-92.35505676269531,109.60836791992188,0.04164031893014908,7.718181356314922
77.370396979,-92.56597137451172,109.28556060791016,0.040193937718868256,7.708904158516099
77.420396979,-92.77729034423828,108.9633560180664,0.03875148668885231,7.70648443386755
77.47039698,-92.98915100097656,108.64141082763672,0.0373104102909565,7.710696911908503
77.520396981,-93.20166015625,108.31941223144531,0.0358644463121891,7.720849151223666
77.570396982,-93.41490936279297,107.99712371826172,0.03441646322607994,7.735890703513407
77.620396982,-93.6318130493164,107.67626953125,0.03296878561377525,7.755603540361202
77.670396983,-93.85225677490234,107.35589599609375,0.03151325136423111,7.796116549667204
77.720396984,-94.0758056640625,107.03478240966797,0.030047530308365822,7.8344906420935905
77.770396985,-94.30085754394531,106.7144775390625,0.02860267646610737,7.8233170753692844
77.820396985,-94.52661895751953,106.39543914794922,0.027159957215189934,7.810809419518302
77.870396986,-94.75291442871094,106.07755279541016,0.02572040446102619,7.798350768821989
77.920396987,-94.9795913696289,105.76070404052734,0.0242878720164299,7.7859269860083025
77.970396988,-95.20652770996094,105.44483184814453,0.02285648323595524,7.7735312047828895
78.020396988,-95.43366241455078,105.12986755371094,0.02142799273133278,7.7611405315997555
78.070396989,-95.66093444824219,104.81576538085938,0.02000625617802143,7.748795561370898
78.12039699,-95.88829040527344,104.50249481201172,0.018586844205856323,7.736483809434106
78.170396991,-96.11566925048828,104.19001770019531,0.017166519537568092,7.724196356575601
78.220396991,-96.34639739990234,103.88087463378906,0.015749206766486168,7.708367237399814
78.270396992,-96.58150482177734,103.57334899902344,0.014312629587948322,7.7660892618464965
78.320396993,-96.82099151611328,103.26516723632812,0.0128562543541193,7.8365814812555685
78.370396994,-97.0649185180664,102.95543670654297,0.011393050663173199,7.919295051258044
78.420396994,-97.31320190429688,102.64360046386719,0.009930610656738281,8.008296918145422
78.470396995,-97.56571960449219,102.32942199707031,0.008449210785329342,8.0973221978749
78.520396996,-97.82630920410156,102.01654052734375,0.0069613647647202015,8.17130717949486
78.570396997,-98.10099029541016,101.7117919921875,0.005507888738065958,8.22015680095254
78.620396997,-98.39408874511719,101.4220962524414,0.004138984717428684,8.238969265553136
78.670396998,-98.7051773071289,101.14960479736328,0.002811279147863388,8.263309449111357
78.720396999,-99.03135681152344,100.893310546875,0.0014131926000118256,8.279442564308956
78.770397,-99.36988830566406,100.6524887084961,-0.0001620104885660112,8.28359117072079
78.820397,-99.72013092041016,100.43085479736328,-0.0027550128288567066,8.254879633404709
78.870397001,-100.08265686035156,100.23213958740234,-0.0050583272241055965,8.210229305782782
78.920397002,-100.45570373535156,100.05843353271484,-0.006810303311794996,8.157394817444544
78.970397002,-100.83637237548828,99.90789031982422,-0.008329467847943306,8.119639276407112
79.020397003,-101.22457885742188,99.78340911865234,-0.010411147959530354,8.045249576442544
79.070397004,-101.61685180664062,99.68611145019531,-0.012396201491355896,7.999283482874096
79.120397005,-102.0123291015625,99.61817169189453,-0.013852576725184917,7.935784348924523
79.170397005,-102.40813446044922,99.580810546875,-0.01597820408642292,7.881724571198303
79.220397006,-102.80333709716797,99.57238006591797,-0.019963111728429794,7.866621333902105
79.270397007,-103.19921875,99.58696746826172,-0.022654647007584572,7.8685374981073295
79.320397008,-103.59455871582031,99.6200180053711,-0.024178428575396538,7.888149576470846
79.370397008,-103.99063110351562,99.66716766357422,-0.0258608628064394,7.919588137177117
79.420397009,-104.3868408203125,99.72804260253906,-0.029093913733959198,7.964157466051592
79.47039701,-104.7816390991211,99.80015563964844,-0.03136631101369858,8.01366298282622
79.520397011,-105.17642974853516,99.8814926147461,-0.03238014131784439,8.062051456631092
79.570397011,-105.57157135009766,99.97098541259766,-0.03256521001458168,8.108382583703847
79.620397012,-105.96705627441406,100.0677490234375,-0.032291773706674576,8.149983226537287
79.670397013,-106.36412048339844,100.16448974609375,-0.031869906932115555,8.188290697304316
79.720397014,-106.76416015625,100.2535629272461,-0.031420763581991196,8.211611536410064
79.770397014,-107.16704559326172,100.3341064453125,-0.030930403620004654,8.228649146735203
79.820397015,-107.57188415527344,100.40821838378906,-0.030452728271484375,8.235909943185423
79.870397016,-107.977783203125,100.47736358642578,-0.030073927715420723,8.233420869961499
79.920397017,-108.38397216796875,100.54275512695312,-0.029821738600730896,8.22227821655388
79.970397017,-108.78987121582031,100.60523223876953,-0.029675940051674843,8.203942580050796
80.020397018,-109.1950454711914,100.66535949707031,-0.029600752517580986,8.182880154869139
80.070397019,-109.59963989257812,100.72354125976562,-0.02956893853843212,8.167764375855759
80.12039702,-110.00370025634766,100.78003692626953,-0.029558677226305008,8.152820206711594
80.17039702,-110.40719604492188,100.83503723144531,-0.029558448120951653,8.13789714757552
80.220397021,-110.81012725830078,100.88867950439453,-0.029562605544924736,8.123009645617932
80.270397022,-111.21244812011719,100.9410629272461,-0.029568901285529137,8.108164644788403
80.320397023,-111.6146469116211,100.9870376586914,-0.029566191136837006,8.085841341318698
80.370397023,-112.01677703857422,101.02481079101562,-0.029558448120951653,8.070150447836166
80.420397024,-112.41867065429688,101.05650329589844,-0.029557913541793823,8.055011795413588
80.470397025,-112.82015228271484,101.08329010009766,-0.029569320380687714,8.040136983503226
80.520397026,-113.22116088867188,101.10621643066406,-0.029589347541332245,8.025407973547315
80.570397026,-113.61931610107422,101.12601470947266,-0.029590720310807228,7.9372360740481485
80.620397027,-114.01371765136719,101.1431884765625,-0.029587021097540855,7.865062772536895
80.670397028,-114.405029296875,101.15821075439453,-0.029584616422653198,7.809886527155211
80.720397029,-114.79420471191406,101.1713638305664,-0.029584769159555435,7.775027399808072
80.770397029,-115.18231964111328,101.18294525146484,-0.029589271172881126,7.7625346803946735
80.82039703,-115.57049560546875,101.19316864013672,-0.029599150642752647,7.772690395406154
80.870397031,-115.9598388671875,101.20223236083984,-0.02961425669491291,7.8041423417357825
80.920397032,-116.35133361816406,101.21025848388672,-0.02963336929678917,7.853909571444549
80.970397032,-116.7457504272461,101.21431732177734,-0.029649924486875534,7.915234213979676
81.020397033,-117.14360809326172,101.21514129638672,-0.029667433351278305,7.987098788912767
81.070397034,-117.54513549804688,101.21369171142578,-0.029686126857995987,8.060468826026748
81.120397035,-117.9502182006836,101.21035766601562,-0.02970294840633869,8.12919613410215
81.170397035,-118.35844421386719,101.20552825927734,-0.029714126139879227,8.187542298258416
81.220397036,-118.7691650390625,101.19942474365234,-0.029717901721596718,8.231213999789786
81.270397037,-119.18157196044922,101.19224548339844,-0.029713667929172516,8.257696363406486
81.320397038,-119.5947494506836,101.18413543701172,-0.029702642932534218,8.266306372549277
81.370397038,-120.0078353881836,101.17525482177734,-0.029686545953154564,8.257998655867798
81.420397039,-120.42005920410156,101.1656723022461,-0.029667548835277557,8.235061757955297
81.47039704,-120.83075714111328,101.15550231933594,-0.029647711664438248,8.200573716791846
81.52039704,-121.23944854736328,101.14484405517578,-0.02962852455675602,8.158039730041281
81.570397041,-121.64583587646484,101.13274383544922,-0.029610976576805115,8.11086990853398
81.620397042,-122.0497817993164,101.11953735351562,-0.02959693782031536,8.063106128052517
81.670397043,-122.45134735107422,101.10555267333984,-0.029587095603346825,8.01782990883249
81.720397043,-122.85076904296875,101.09095764160156,-0.029582327231764793,7.978055587028772
81.770397044,-123.24840545654297,101.07585906982422,-0.02958148904144764,7.946280769340742
81.820397045,-123.64470672607422,101.06034088134766,-0.029584769159555435,7.924346454686107
81.870397046,-124.04019927978516,101.04447174072266,-0.029591750353574753,7.913364055154769
81.920397046,-124.43546295166016,101.02826690673828,-0.02960159257054329,7.9136055176201685
81.970397047,-124.8310546875,101.01178741455078,-0.029613226652145386,7.924540983912273
82.020397048,-125.22745513916016,100.99501037597656,-0.02962619625031948,7.944857516380151
82.070397049,-125.62508392333984,100.97794342041016,-0.029639244079589844,7.972544960727426
82.120397049,-126.02427673339844,100.96063232421875,-0.029651565477252007,8.005055585379147
82.17039705,-126.42516326904297,100.94307708740234,-0.029662245884537697,8.039532511393983
82.220397051,-126.82772064208984,100.92498016357422,-0.0296699907630682,8.07305120748063
82.270397052,-127.23184967041016,100.90642547607422,-0.029675139114260674,8.103004606879297
82.320397052,-127.63729858398438,100.88755798339844,-0.029676970094442368,8.127171541283651
82.370397053,-128.04373168945312,100.86843872070312,-0.029675787314772606,8.144016910137656
82.420397054,-128.45079040527344,100.84909057617188,-0.029671629890799522,8.152735886351559
82.470397055,-128.85801696777344,100.82958984375,-0.029665259644389153,8.153263466334973
82.520397055,-129.2650604248047,100.80997467041016,-0.02965717203915119,8.146194227539064
82.570397056,-129.67152404785156,100.79029083251953,-0.029648322612047195,8.13266629881379
82.620397057,-130.07717895507812,100.77055358886719,-0.029639167711138725,8.11419976904173
82.670397058,-130.48179626464844,100.75077819824219,-0.029630813747644424,8.09252579135028
82.720397058,-130.88525390625,100.73099517822266,-0.029623564332723618,8.06946268203894
82.770397059,-131.28758239746094,100.71121978759766,-0.02961784228682518,8.046787905914623
82.82039706,-131.6888427734375,100.69852447509766,-0.02961120568215847,8.01750987948134
82.870397061,-132.089111328125,100.69564056396484,-0.029597053304314613,7.99800391119648
82.920397061,-132.4886474609375,100.70050811767578,-0.029580000787973404,7.985513716084713
82.970397062,-132.8876495361328,100.7115478515625,-0.029578017070889473,7.979269637465005
83.020397063,-133.286376953125,100.72750091552734,-0.02959621325135231,7.979193627379138
83.070397064,-133.68508911132812,100.74736022949219,-0.029625242576003075,7.9848614783814
83.120397064,-134.0840606689453,100.77047729492188,-0.02965286187827587,7.995494950328562
83.170397065,-134.48348999023438,100.79635620117188,-0.029671858996152878,8.009993088013315
83.220397066,-134.883544921875,100.82471466064453,-0.029680747538805008,8.027014561729588
83.270397067,-135.28428649902344,100.85530853271484,-0.029681243002414703,8.045088230274045
83.320397067,-135.68577575683594,100.887939453125,-0.029676474630832672,8.062734799445188
83.370397068,-136.08795166015625,100.9224853515625,-0.029669685289263725,8.078590794365413
83.420397069,-136.489990234375,100.964111328125,-0.029649123549461365,8.082856541354566
83.47039707,-136.88992309570312,101.02140045166016,-0.029598349705338478,8.070270472306184
83.52039707,-137.28492736816406,101.10164642333984,-0.029493940994143486,8.038501970497453
83.570397071,-137.67318725585938,101.2066421508789,-0.029357070103287697,8.022400804012873
83.620397072,-138.05487060546875,101.333251953125,-0.029283523559570312,8.019084183235238
83.670397073,-138.4300994873047,101.47845458984375,-0.029337309300899506,8.020956793121035
83.720397073,-138.79647827148438,101.64453125,-0.029422949999570847,7.9978496826609256
83.770397074,-139.1532745361328,101.82962036132812,-0.029526518657803535,8.001080512424913
83.820397075,-139.501953125,102.02959442138672,-0.029683569446206093,8.004160128370048
83.870397076,-139.8390350341797,102.23836517333984,-0.029793987050652504,7.7774709620019395
83.920397076,-140.16195678710938,102.45152282714844,-0.029865341261029243,7.701912264315676
83.970397077,-140.4782257080078,102.67154693603516,-0.029904307797551155,7.674927039456485
84.020397078,-140.78860473632812,102.89690399169922,-0.029873695224523544,7.643938902391279
84.070397078,-141.0936279296875,103.12644958496094,-0.029793204739689827,7.610220041685778
84.120397079,-141.39369201660156,103.3593521118164,-0.02969188615679741,7.574267692227399
84.17039708,-141.68919372558594,103.5949478149414,-0.029594115912914276,7.538322066979294
84.220397081,-141.98056030273438,103.83281707763672,-0.029515838250517845,7.50504026238205
84.270397081,-142.2724609375,104.0671157836914,-0.02949783205986023,7.47631150980002
84.320397082,-142.56971740722656,104.29190826416016,-0.0295063778758049,7.447389045588542
84.370397083,-142.87281799316406,104.5070571899414,-0.02947467751801014,7.433365799898666
84.420397084,-143.1803436279297,104.71538543701172,-0.029427412897348404,7.429526289536709
84.470397084,-143.4913787841797,104.91878509521484,-0.029418906196951866,7.434577247420116
84.520397085,-143.80531311035156,105.11869049072266,-0.029457321390509605,7.447656133536143
84.570397086,-144.12188720703125,105.31605529785156,-0.02951938472688198,7.467299943810275
84.620397087,-144.44093322753906,105.51154327392578,-0.029580306261777878,7.49156611004596
84.670397087,-144.7623748779297,105.7055435180664,-0.02962638810276985,7.5182097921536855
84.720397088,-145.0861053466797,105.89830780029297,-0.0296547319740057,7.544894160938117
84.770397089,-145.41197204589844,106.08993530273438,-0.029668234288692474,7.569409473171816
84.82039709,-145.73974609375,106.280517578125,-0.029671363532543182,7.58986269897876
84.87039709,-146.06912231445312,106.47000885009766,-0.029668578878045082,7.6048383751844
84.920397091,-146.39979553222656,106.65835571289062,-0.02966228500008583,7.613492232512956
84.970397092,-146.73385620117188,106.84078979492188,-0.029642600566148758,7.60711039341788
85.020397093,-147.07244873046875,107.01387786865234,-0.02961227297782898,7.599743957083446
85.070397093,-147.41656494140625,107.17388153076172,-0.029564017429947853,7.573217421812386
85.120397094,-147.76589965820312,107.31980895996094,-0.029513701796531677,7.558354124785685
85.170397095,-148.12074279785156,107.44876098632812,-0.029459800571203232,7.521791906458633
85.220397096,-148.48007202148438,107.56119537353516,-0.02943752147257328,7.508078490475964
85.270397096,-148.84373474121094,107.6549301147461,-0.02943214401602745,7.474242339649055
85.320397097,-149.2106170654297,107.73135375976562,-0.029467735439538956,7.467886971245457
85.370397098,-149.58045959472656,107.78836059570312,-0.029503783211112022,7.443894034319575
85.420397099,-149.95228576660156,107.82792663574219,-0.02956336922943592,7.449854954309786
85.470397099,-150.32565307617188,107.84807586669922,-0.02960006706416607,7.439794198107883
85.5203971,-150.69985961914062,107.85105895996094,-0.029645614326000214,7.458852416887637
85.570397101,-151.07479858398438,107.83968353271484,-0.029720477759838104,7.481723358519682
85.620397102,-151.44960021972656,107.81073760986328,-0.02972465381026268,7.488975926038421
85.670397102,-151.8238067626953,107.76605987548828,-0.02971092239022255,7.518295526786146
85.720397103,-152.1963653564453,107.70352935791016,-0.029663315042853355,7.527603155484714
85.770397104,-152.5668487548828,107.62520599365234,-0.02963165193796158,7.554829217748638
85.820397105,-152.93397521972656,107.52926635742188,-0.029589271172881126,7.560443968353711
85.870397105,-153.29739379882812,107.41799926757812,-0.029573669657111168,7.580474391654922
85.920397106,-153.65565490722656,107.28988647460938,-0.029549559578299522,7.5781988811407555
85.970397107,-154.00857543945312,107.1473388671875,-0.0295493695884943,7.588497369023314
86.020397108,-154.35377502441406,106.9874496459961,-0.0295132827013731,7.564312833486761
86.070397108,-154.6860809326172,106.80500793457031,-0.029384803026914597,7.52441659885132
86.120397109,-155.00527954101562,106.60252380371094,-0.02930332161486149,7.513899883810405
86.17039711,-155.3131561279297,106.38388061523438,-0.029348811134696007,7.512128126884622
86.220397111,-155.61117553710938,106.15219116210938,-0.029488371685147285,7.515072441002777
86.270397111,-155.90074157714844,105.90996551513672,-0.02964900992810726,7.521034097803693
86.320397112,-156.18296813964844,105.65911102294922,-0.029768256470561028,7.528672722937546
86.370397113,-156.45875549316406,105.40094757080078,-0.029818763956427574,7.536968591270044
86.420397114,-156.72877502441406,105.13652038574219,-0.029805336147546768,7.545099638950956
86.470397114,-156.98912048339844,104.86259460449219,-0.029689406976103783,7.532410299537652
86.520397115,-157.2333984375,104.57505798339844,-0.029489517211914062,7.5135779656231945
86.570397116,-157.46241760253906,104.27537536621094,-0.029347876086831093,7.522089856933054
86.620397116,-157.6788787841797,103.96575927734375,-0.02932872623205185,7.539736437593081
86.670397117,-157.88497924804688,103.64799499511719,-0.029407119378447533,7.561886168618792
86.720397118,-158.0824432373047,103.32357788085938,-0.029525985941290855,7.585541994073579
86.770397119,-158.27261352539062,102.99365997314453,-0.02963157556951046,7.608184340124255
86.820397119,-158.45640563964844,102.65914154052734,-0.02969547174870968,7.627816244255356
86.87039712,-158.63449096679688,102.32070922851562,-0.029713325202465057,7.642964554283492
86.920397121,-158.8073272705078,101.97898864746094,-0.029697226360440254,7.65493478671583
86.970397122,-158.975341796875,101.63433074951172,-0.02966426871716976,7.666033589284433
87.020397122,-159.1338653564453,101.28492736816406,-0.02959182672202587,7.663790280689778
87.070397123,-159.282470703125,100.93069458007812,-0.029528426006436348,7.681888554498829
87.120397124,-159.41818237304688,100.57050323486328,-0.02947486750781536,7.691635689840176
87.170397125,-159.5416717529297,100.20431518554688,-0.02945701591670513,7.738099822505103
87.220397125,-159.65011596679688,99.8324966430664,-0.02943878062069416,7.716593081616542
87.270397126,-159.74415588378906,99.45790100097656,-0.029443053528666496,7.700724366741124
87.320397127,-159.82627868652344,99.08141326904297,-0.029498862102627754,7.683795085341625
87.370397128,-159.8928680419922,98.70299530029297,-0.02952457405626774,7.649979609817488
87.420397128,-159.9449005126953,98.32350158691406,-0.02954406663775444,7.6338167439663325
87.470397129,-159.97994995117188,97.94329833984375,-0.0295375045388937,7.598542513670871
87.52039713,-159.99957275390625,97.563232421875,-0.02954147197306156,7.58202051339814
87.570397131,-160.00167846679688,97.18388366699219,-0.029531363397836685,7.546894632537173
87.620397131,-159.9882354736328,96.80602264404297,-0.02954009920358658,7.530429030392812
87.670397132,-159.95736694335938,96.43042755126953,-0.02953571267426014,7.495956660713439
87.720397133,-159.91110229492188,96.05681610107422,-0.02955726534128189,7.521420418139159
87.770397134,-159.84710693359375,95.68354034423828,-0.02957260049879551,7.566348371963128
87.820397134,-159.76747131347656,95.30998992919922,-0.029607657343149185,7.646741296133706
87.870397135,-159.67428588867188,94.9351806640625,-0.029676932841539383,7.741008574679111
87.920397136,-159.56430053710938,94.55995178222656,-0.029693717136979103,7.834498422118038
87.970397137,-159.4387969970703,94.18385314941406,-0.02970268204808235,7.955691399917945
88.020397137,-159.29541015625,93.80810546875,-0.029683569446206093,8.061815746240656
88.070397138,-159.13568115234375,93.43291473388672,-0.029674872756004333,8.17799405733601
88.120397139,-158.95632934570312,93.06131744384766,-0.029630661010742188,8.25145618918104
88.17039714,-158.75164794921875,92.69940948486328,-0.029493864625692368,8.291164730525722
88.22039714,-158.52374267578125,92.34889221191406,-0.029385870322585106,8.337644171127707
88.270397141,-158.27674865722656,92.0098876953125,-0.029392318800091743,8.351488903354491
88.320397142,-158.01522827148438,91.68338012695312,-0.02949495241045952,8.305653233142031
88.370397143,-157.74234008789062,91.36876678466797,-0.029652003198862076,8.295027874613773
88.420397143,-157.45948791503906,91.06383514404297,-0.02979654259979725,8.283815260161184
88.470397144,-157.1687774658203,90.7679443359375,-0.0298739243298769,8.262176758384138
88.520397145,-156.87936401367188,90.4804458618164,-0.029882697388529778,8.012271754359734
88.570397146,-156.594970703125,90.20320892333984,-0.02983013167977333,7.918694316656937
88.620397146,-156.30917358398438,89.93018341064453,-0.029738998040556908,7.887247287252556
88.670397147,-156.02210998535156,89.6607437133789,-0.029619520530104637,7.860602256928276
88.720397148,-155.7337646484375,89.39450073242188,-0.029511984437704086,7.840088477556815
88.770397149,-155.44406127929688,89.13099670410156,-0.02943752147257328,7.826523529842796
88.820397149,-155.15292358398438,88.86981201171875,-0.029401129111647606,7.820260167761954
88.87039715,-154.86024475097656,88.61050415039062,-0.029396742582321167,7.821222852152524
88.920397151,-154.5659637451172,88.3526611328125,-0.029415586963295937,7.828935453704499
88.970397152,-154.2699737548828,88.095947265625,-0.02944774553179741,7.842559038313678
89.020397152,-153.9766082763672,87.83524322509766,-0.0294966883957386,7.858492574215516
89.070397153,-153.68539428710938,87.57032012939453,-0.02953994646668434,7.888200273061666
89.120397154,-153.39871215820312,87.2982177734375,-0.029568174853920937,7.919120095363078
89.170397154,-153.12283325195312,87.01310729980469,-0.029561804607510567,7.944239401872373
89.220397155,-152.86404418945312,86.71076202392578,-0.029487304389476776,7.957955657585407
89.270397156,-152.62890625,86.38851165771484,-0.0293280016630888,7.959311094877493
89.320397157,-152.41775512695312,86.04802703857422,-0.02918495051562786,7.9958016537499415
89.370397157,-152.2277374267578,85.6923828125,-0.029201315715909004,8.043424502287047
89.420397158,-152.0564422607422,85.32444763183594,-0.029401855543255806,8.092525419514534
89.470397159,-151.9077911376953,84.9447250366211,-0.029592590406537056,8.101877892935198
89.52039716,-151.78244018554688,84.55542755126953,-0.0297157671302557,8.13401511029327
89.57039716,-151.67662048339844,84.15910339355469,-0.029853152111172676,8.165607367201645
89.620397161,-151.58749389648438,83.75763702392578,-0.029984893277287483,8.191144855942822
89.670397162,-151.51258850097656,83.35256958007812,-0.030058937147259712,8.208990324364729
89.720397163,-151.44981384277344,82.94507598876953,-0.02994195930659771,8.217971972193348
89.770397163,-151.39749145507812,82.53618621826172,-0.029653681442141533,8.218686450700789
89.820397164,-151.35430908203125,82.12671661376953,-0.029263190925121307,8.21158398462145
89.870397165,-151.31915283203125,81.71726989746094,-0.02882007509469986,8.19765721068538
89.920397166,-151.29115295410156,81.3083724975586,-0.028278464451432228,8.178362905002436
89.970397166,-151.26942443847656,80.90034484863281,-0.0276586152613163,8.15513614722721
90.020397167,-151.2529754638672,80.49333190917969,-0.027014387771487236,8.13400580123728
90.070397168,-151.24099731445312,80.08710479736328,-0.026377791538834572,8.117896971607912
90.120397169,-151.2327880859375,79.681640625,-0.025760993361473083,8.101975874599082
90.170397169,-151.22781372070312,79.2769546508789,-0.02516803704202175,8.086240199313815
90.22039717,-151.22560119628906,78.873046875,-0.024598654359579086,8.070652494517711
90.270397171,-151.2257537841797,78.46993255615234,-0.024049490690231323,8.05518481781586
90.320397172,-151.2279510498047,78.06761169433594,-0.023516502231359482,8.039815967535073
90.370397172,-151.2318878173828,77.66607666015625,-0.022995566949248314,8.024530391468945
90.420397173,-151.23736572265625,77.26532745361328,-0.022482872009277344,8.009316890507344
90.470397174,-151.24417114257812,76.86536407470703,-0.021975211799144745,7.994166580058399
90.520397175,-151.2521209716797,76.46635437011719,-0.021467894315719604,7.960339803560245
90.570397175,-151.25987243652344,76.07074737548828,-0.020948829129338264,7.882255688999955
90.620397176,-151.26754760742188,75.67851257324219,-0.0202803798019886,7.818635589794063
90.670397177,-151.2753448486328,75.28883361816406,-0.01944301649928093,7.775124237659685
90.720397178,-151.2832489013672,74.90068817138672,-0.01851833239197731,7.754193165351506
90.770397178,-151.29132080078125,74.5129165649414,-0.017548980191349983,7.756726431641369
90.820397179,-151.29959106445312,74.12446594238281,-0.016477813944220543,7.781833197537711
90.87039718,-151.30804443359375,73.73426818847656,-0.015206222422420979,7.826857757539332
90.920397181,-151.3166961669922,73.34133911132812,-0.013798064552247524,7.887868460164461
90.970397181,-151.3255157470703,72.94501495361328,-0.01231132447719574,7.959381849562366
91.020397182,-151.33453369140625,72.54496002197266,-0.010784225538372993,8.034938402781949
91.070397183,-151.3437042236328,72.14116668701172,-0.009239577688276768,8.107833060596692
91.120397184,-151.35304260253906,71.73397064208984,-0.007690047845244408,8.170317902486065
91.170397184,-151.36248779296875,71.32421112060547,-0.0061417389661073685,8.211606150592218
91.220397185,-151.37127685546875,70.91890716552734,-0.004550781100988388,7.959025121774891
91.270397186,-151.37936401367188,70.52536010742188,-0.0030205915682017803,7.866320890769102
91.320397187,-151.3871612548828,70.1324234008789,-0.0015892027877271175,7.855235439602911
91.370397187,-151.39471435546875,69.7404556274414,-0.00017681121244095266,7.830006275818223
91.420397188,-151.40200805664062,69.3523941040039,0.0012434005038812757,7.701808107227151
91.470397189,-151.40908813476562,68.96961975097656,0.0026317976880818605,7.635265879664043
91.52039719,-151.416015625,68.5896987915039,0.004008369520306587,7.573716297683389
91.57039719,-151.42279052734375,68.21302795410156,0.0055673979222774506,7.50199552427998
91.620397191,-151.429443359375,67.84014129638672,0.007253990042954683,7.422313702882813
91.670397192,-151.4359588623047,67.47142791748047,0.00900012906640768,7.336039349214278
91.72039719200001,-151.4423370361328,67.10719299316406,0.01076507568359375,7.24506616805371
91.770397193,-151.4485626220703,66.74769592285156,0.012617073021829128,7.151259820564433
91.820397194,-151.45468139648438,66.39301300048828,0.014621009118855,7.05670500299679
91.870397195,-151.46041870117188,66.04302215576172,0.01670944131910801,6.963532336623067
91.920397195,-151.46588134765625,65.6976089477539,0.018825454637408257,6.873629856833863
91.970397196,-151.47116088867188,65.35655975341797,0.02093254029750824,6.788526940863354
92.020397197,-151.47628784179688,65.01959228515625,0.023010367527604103,6.709212495947038
92.070397198,-151.48130798339844,64.68441009521484,0.025043105706572533,6.700528118331038
92.120397198,-151.4862518310547,64.3499526977539,0.027051467448472977,6.68594900536799
92.170397199,-151.4911346435547,64.01617431640625,0.02904151938855648,6.672000615197451
92.2203972,-151.4959716796875,63.68308639526367,0.03101501427590847,6.658015274522058
92.270397201,-151.500732421875,63.351585388183594,0.03297847509384155,6.609139327017426
92.320397201,-151.50540161132812,63.02421188354492,0.03492980822920799,6.4999985042053945
92.370397202,-151.510009765625,62.70035171508789,0.03683372586965561,6.471752820913841
92.420397203,-151.51454162597656,62.37813949584961,0.038715820759534836,6.4227269357323395
92.470397204,-151.51901245117188,62.06009292602539,0.04059036076068878,6.314914580169361
92.520397204,-151.5234375,61.74546813964844,0.04242408648133278,6.286902856342086
92.570397205,-151.52772521972656,61.437625885009766,0.044265326112508774,6.0330633932943
92.620397206,-151.53172302246094,61.14387512207031,0.04609977453947067,5.7666402771732095
92.670397207,-151.53550720214844,60.86241149902344,0.04797794297337532,5.53336841488718
92.720397207,-151.5391082763672,60.59151840209961,0.04984748736023903,5.3412353835419255
92.770397208,-151.54258728027344,60.32872009277344,0.051687926054000854,5.202394435542872
92.820397209,-151.5459747314453,60.071449279785156,0.053497884422540665,5.11266191749823
92.87039721,-151.54931640625,59.81730651855469,0.05528400465846062,5.069372626639529
92.92039721,-151.55262756347656,59.564178466796875,0.057089004665613174,5.066143230334563
92.970397211,-151.55599975585938,59.31013107299805,0.0590173713862896,5.102252941035234
93.020397212,-151.55935668945312,59.05336380004883,0.06105361878871918,5.168618254599363
93.070397213,-151.56272888183594,58.7922477722168,0.0631718784570694,5.268968630595992
93.120397213,-151.56614685058594,58.525413513183594,0.0653572827577591,5.392018501022877
93.170397214,-151.5696563720703,58.25176239013672,0.06760410219430923,5.53308200865821
93.220397215,-151.57322692871094,57.97136688232422,0.0699106976389885,5.6584512495898505
93.270397216,-151.57681274414062,57.69261932373047,0.07229560613632202,5.416576440894188
93.320397216,-151.5802459716797,57.42574691772461,0.07458598911762238,5.354443274058953
93.370397217,-151.58370971679688,57.15693664550781,0.07678233832120895,5.390494814038804
93.420397218,-151.58717346191406,56.886898040771484,0.07897888123989105,5.405222698661913
93.470397219,-151.590576171875,56.622596740722656,0.0811968594789505,5.160954711217729
93.520397219,-151.59381103515625,56.36731719970703,0.08331664651632309,5.077502494083715
93.57039722,-151.5970001220703,56.11357879638672,0.08536693453788757,5.075256210396001
93.620397221,-151.6001434326172,55.86173629760742,0.08740074187517166,5.0120911989695545
93.670397222,-151.60325622558594,55.6114501953125,0.08938716351985931,4.993044724521293
93.720397222,-151.6063690185547,55.36286163330078,0.09124622493982315,4.958244462145341
93.770397223,-151.60948181152344,55.11616897583008,0.09316039830446243,4.917990973403897
93.820397224,-151.61253356933594,54.87165451049805,0.09510528296232224,4.872150317303647
93.870397225,-151.61553955078125,54.629573822021484,0.09706138074398041,4.821269841477573
93.920397225,-151.6184844970703,54.39015197753906,0.09901385754346848,4.766867791109676
93.970397226,-151.62139892578125,54.15349578857422,0.10095202922821045,4.711105928953086
94.020397227,-151.62432861328125,53.91960906982422,0.10287795960903168,4.656240255092336
94.070397228,-151.627197265625,53.6883430480957,0.10483703017234802,4.60443469790819
94.120397228,-151.63003540039062,53.45951843261719,0.10681197792291641,4.557563508511864
94.170397229,-151.63287353515625,53.232879638671875,0.10878726840019226,4.516370030535469
94.22039723,-151.63563537597656,53.00813293457031,0.11075412482023239,4.480585883408559
94.27039723,-151.6383819580078,52.78505325317383,0.11270870268344879,4.448966670325483
94.320397231,-151.64111328125,52.563480377197266,0.11464912444353104,4.419539230848509
94.370397232,-151.6438446044922,52.3433723449707,0.11657623201608658,4.389962160177146
94.420397233,-151.64649963378906,52.12484359741211,0.1185275986790657,4.358046506944978
94.470397233,-151.649169921875,51.90802764892578,0.12050715833902359,4.322342689946442
94.520397234,-151.6518096923828,51.69313049316406,0.12249831855297089,4.282276071742421
94.570397235,-151.65443420410156,51.48033905029297,0.12448615580797195,4.238233722369089
94.620397236,-151.65692138671875,51.27798080444336,0.1264691948890686,3.815519114257309
94.670397236,-151.65890502929688,51.11748123168945,0.12830157577991486,2.6939246058743103
94.720397237,-151.6600341796875,51.02455139160156,0.12964984774589539,1.243866780925007
94.770397238,-151.6603240966797,51.001956939697266,0.13027171790599823,0.00517146528155037
94.820397239,-151.6603240966797,51.00223159790039,0.1302000731229782,0.0012212872721904027
94.870397239,-151.6603240966797,51.003055572509766,0.12995974719524384,0.0015453316835408394
94.92039724,-151.66030883789062,51.003841400146484,0.1297326236963272,0.001346885049414141
94.970397241,-151.66029357910156,51.00447463989258,0.1295490264892578,0.0010740396255395235
95.020397242,-151.66029357910156,51.004974365234375,0.1294068545103073,0.0008308745226494398
95.070397242,-151.6602783203125,51.00535583496094,0.12929782271385193,0.0006358659348439636
95.120397243,-151.6602783203125,51.005638122558594,0.12921439111232758,0.0004851061288777004
95.170397244,-151.6602783203125,51.005863189697266,0.12915049493312836,0.0003700866662399304
95.220397245,-151.6602783203125,51.006038665771484,0.12910163402557373,0.0002830864536364706
95.270397245,-151.6602783203125,51.006038665771484,0.12910163402557373,0.0
95.320397246,-151.6602783203125,51.006038665771484,0.12910163402557373,0.0
95.370397247,-151.6602783203125,51.006038665771484,0.12910163402557373,0.0
95.420397248,-151.6602783203125,51.006038665771484,0.12910163402557373,0.0
95.470397248,-151.6602783203125,51.006038665771484,0.12910163402557373,0.0
95.520397249,-151.6602783203125,51.006038665771484,0.12910163402557373,0.0
95.57039725,-151.6602783203125,51.006038665771484,0.12910163402557373,0.0
95.620397251,-151.6602783203125,51.006038665771484,0.12910163402557373,0.0
95.670397251,-151.6602783203125,51.006038665771484,0.12910163402557373,0.0
95.720397252,-151.6602783203125,51.006038665771484,0.12910163402557373,0.0
95.770397253,-151.6602783203125,51.006038665771484,0.12910163402557373,0.0
95.820397254,-151.6602783203125,51.006038665771484,0.12910163402557373,0.0
95.870397254,-151.6602783203125,51.006038665771484,0.12910163402557373,0.0
95.920397255,-151.6602783203125,51.006038665771484,0.12910163402557373,0.0
95.970397256,-151.6602783203125,51.006038665771484,0.12910163402557373,0.0
96.020397257,-151.6602783203125,51.006038665771484,0.12910163402557373,0.0
96.070397257,-151.6602783203125,51.006038665771484,0.12910163402557373,0.0
96.120397258,-151.6602783203125,51.006038665771484,0.12910163402557373,0.0
96.170397259,-151.6602783203125,51.006038665771484,0.12910163402557373,0.0
96.22039726,-151.6602783203125,51.006038665771484,0.12910163402557373,0.0
96.27039726,-151.6602783203125,51.006038665771484,0.12910163402557373,0.0
96.320397261,-151.6602783203125,51.006038665771484,0.12910163402557373,0.0
96.370397262,-151.6602783203125,51.006038665771484,0.12910163402557373,0.0
96.420397263,-151.6602783203125,51.006038665771484,0.12910163402557373,0.0
96.470397263,-151.6602783203125,51.006038665771484,0.12910163402557373,0.0
96.520397264,-151.6602783203125,51.006038665771484,0.12910163402557373,0.0
96.570397265,-151.6602783203125,51.006038665771484,0.12910163402557373,0.0
96.620397266,-151.6602783203125,51.006038665771484,0.12910163402557373,0.0
96.670397266,-151.6602783203125,51.006038665771484,0.12910163402557373,0.0
96.720397267,-151.6602783203125,51.006038665771484,0.12910163402557373,0.0
96.770397268,-151.6602783203125,51.006038665771484,0.12910163402557373,0.0
96.820397268,-151.6602783203125,51.006038665771484,0.12910163402557373,0.0
96.870397269,-151.6602783203125,51.006038665771484,0.12910163402557373,0.0
96.92039727,-151.6602783203125,51.006038665771484,0.12910163402557373,0.0
96.970397271,-151.6602783203125,51.006038665771484,0.12910163402557373,0.0
97.020397271,-151.6602783203125,51.006038665771484,0.12910163402557373,0.0
97.070397272,-151.66026306152344,51.006126403808594,0.12892231345176697,0.0022532074280066775
97.120397273,-151.66026306152344,51.00621032714844,0.12882766127586365,0.0008764066269925313
97.170397274,-151.6602783203125,51.00517654418945,0.1287907063961029,0.011530310116136427
97.220397274,-151.66033935546875,51.00065231323242,0.12880492210388184,0.12736577709321553
97.270397275,-151.66046142578125,50.99140548706055,0.12887690961360931,0.24937804224787632
97.320397276,-151.66067504882812,50.974769592285156,0.12901458144187927,0.401517051644684
97.370397277,-151.66099548339844,50.94923782348633,0.1292324811220169,0.6002166816706501
97.420397277,-151.66143798828125,50.913612365722656,0.12954536080360413,0.7984909457336559
97.470397278,-151.66200256347656,50.86641311645508,0.12996074557304382,1.043230358775922
97.520397279,-151.6627197265625,50.80692672729492,0.13048972189426422,1.2942092308007729
97.57039728,-151.6636199951172,50.73444366455078,0.1311391443014145,1.5586936644967853
97.62039728,-151.66465759277344,50.64838790893555,0.1319144368171692,1.8339841039524396
97.670397281,-151.66590881347656,50.54827880859375,0.13282062113285065,2.118364963729703
97.720397282,-151.6673126220703,50.4337158203125,0.13386176526546478,2.4103974132152666
97.770397283,-151.6688690185547,50.30434036254883,0.13504081964492798,2.7088635623615427
97.820397283,-151.67068481445312,50.15987014770508,0.13636112213134766,3.012259959542404
97.870397284,-151.67266845703125,50.00013732910156,0.13782420754432678,3.318758918182835
97.920397285,-151.6748046875,49.825008392333984,0.13943149149417877,3.6268305200678426
97.970397286,-151.67715454101562,49.63446044921875,0.14118336141109467,3.9352286775099157
98.020397286,-151.6796875,49.42866516113281,0.14307929575443268,4.233746254638134
98.070397287,-151.6822967529297,49.21696090698242,0.145121231675148,4.120838118405854
98.120397288,-151.6845245361328,49.03290939331055,0.1471484750509262,3.261009957369092
98.170397289,-151.68624877929688,48.892215728759766,0.14879058301448822,2.6659690927608612
98.220397289,-151.68797302246094,48.751976013183594,0.15005183219909668,2.9081671219925527
98.27039729,-151.68984985351562,48.59974670410156,0.151314839720726,3.15172624719001
98.320397291,-151.6918487548828,48.435062408447266,0.1527003049850464,3.40475031200489
98.370397292,-151.6940155029297,48.25734329223633,0.15423190593719482,3.6675251420447643
98.420397292,-151.69630432128906,48.0687255859375,0.15591441094875336,3.79383987264608
98.470397293,-151.69847106933594,47.88814163208008,0.15768828988075256,3.3775032069056095
98.520397294,-151.7003936767578,47.729026794433594,0.1593095362186432,3.14883576145553
98.570397295,-151.70228576660156,47.57178497314453,0.16077616810798645,3.140888630687301
98.620397295,-151.70419311523438,47.41506576538086,0.16220641136169434,3.132448705252186
98.670397296,-151.70608520507812,47.2587776184082,0.16362975537776947,3.12390723606501
98.720397297,-151.70799255371094,47.10289764404297,0.16505217552185059,3.115359682423556
98.770397298,-151.70989990234375,46.947444915771484,0.16647429764270782,3.1068267933718756
98.820397298,-151.7117462158203,46.79240036010742,0.1678955852985382,3.0983124415145116
98.870397299,-151.71359252929688,46.63778305053711,0.16931544244289398,3.0898168984753114
98.9203973,-151.71359252929688,46.48252868652344,0.17073020339012146,3.161701120862893
98.970397301,-151.71287536621094,46.31736373901367,0.17217792570590973,3.407891753606655
99.020397301,-151.7120361328125,46.1395263671875,0.17373745143413544,3.6660502675541147
99.070397302,-151.71102905273438,45.94844055175781,0.17543216049671173,3.934103715280236
99.120397303,-151.70977783203125,45.74366760253906,0.17726752161979675,4.210112102620334
99.170397303,-151.70828247070312,45.52486038208008,0.1792444884777069,4.492271429986633
99.220397304,-151.7064971923828,45.29177474975586,0.18136337399482727,4.779022604522661
99.270397305,-151.70443725585938,45.04423141479492,0.18366511166095734,5.069928560233635
99.320397306,-151.7020721435547,44.78212356567383,0.1861540526151657,5.36204856224334
99.370397306,-151.6994171142578,44.50537109375,0.18861423432826996,5.6559401782027745
99.420397307,-151.69642639160156,44.213905334472656,0.1911146491765976,5.9499783348287645
99.470397308,-151.693115234375,43.907737731933594,0.19369612634181976,6.243657384439973
99.520397309,-151.68946838378906,43.58690643310547,0.1963842362165451,6.536318753334252
99.570397309,-151.6854705810547,43.25147247314453,0.1991836130619049,6.827530579773226
99.62039731,-151.67674255371094,42.90167236328125,0.20202162861824036,7.112822079020732
99.670397311,-151.66287231445312,42.53764724731445,0.20490363240242004,7.400367975035898
99.720397312,-151.6404266357422,42.1600227355957,0.20786193013191223,7.673091002435759
99.770397312,-151.60903930664062,41.76958465576172,0.2109101116657257,7.93236791048163
99.820397313,-151.56539916992188,41.369110107421875,0.21405403316020966,8.12145717474505
99.870397314,-151.5106964111328,40.96832275390625,0.21715609729290009,7.945653019679043
99.920397315,-151.4447021484375,40.58403396606445,0.22006839513778687,7.784079601438095
99.970397315,-151.365234375,40.20103073120117,0.22248214483261108,7.841128143306178
100.020397316,-151.2721405029297,39.82302474975586,0.21900783479213715,7.891686259566023
100.070397317,-151.16708374023438,39.44708251953125,0.21012404561042786,7.927217547495559
100.120397318,-151.04808044433594,39.06984329223633,0.20483924448490143,7.928643090616046
100.170397318,-150.9119415283203,38.69768524169922,0.20201736688613892,7.908672992405504
100.220397319,-150.75848388671875,38.32838439941406,0.1972358226776123,7.908366303303794
100.27039732,-150.5905303955078,37.96276092529297,0.18713665008544922,7.903036647706926
100.320397321,-150.40785217285156,37.608882904052734,0.17846748232841492,7.9298885517463304
100.370397321,-150.20523071289062,37.26627731323242,0.17275813221931458,7.935913569326829
100.420397322,-149.98541259765625,36.933189392089844,0.16917309165000916,7.9659738451738
100.470397323,-149.74896240234375,36.6120719909668,0.16696974635124207,7.926740903445787
100.520397324,-149.4987030029297,36.303253173828125,0.16554556787014008,7.908114688631284
100.570397324,-149.23300170898438,36.00960159301758,0.16454669833183289,7.858164785306825
100.620397325,-148.95278930664062,35.7322998046875,0.1636885106563568,7.833850805372662
100.670397326,-148.65719604492188,35.47426986694336,0.16281147301197052,7.775302552236753
100.720397327,-148.34425354003906,35.242435455322266,0.16187648475170135,7.699046306404897
100.770397327,-148.01683044433594,35.03638458251953,0.16071434319019318,7.661297327179655
100.820397328,-147.6783905029297,34.85255813598633,0.15923400223255157,7.635855296931806
100.870397329,-147.331787109375,34.68775939941406,0.1574908345937729,7.615510116417633
100.92039733,-146.98001098632812,34.53857421875,0.15516085922718048,7.603479418979357
100.97039733,-146.62391662597656,34.40241622924805,0.14923450350761414,7.695527335089878
101.020397331,-146.25755310058594,34.27714157104492,0.14131297171115875,7.8177233809662985
101.070397332,-145.8802032470703,34.15972900390625,0.13530834019184113,7.947680782333841
101.120397333,-145.49205017089844,34.05496597290039,0.1305045634508133,8.056708913143027
101.170397333,-145.09201049804688,33.96251678466797,0.12376987189054489,8.1910319097854
101.220397334,-144.68365478515625,33.88192367553711,0.11481738835573196,8.300329727028362
101.270397335,-144.27059936523438,33.81182861328125,0.10719585418701172,8.386587415138703
101.320397336,-143.85716247558594,33.750404357910156,0.1011415421962738,8.280378533102914
101.370397336,-143.44671630859375,33.696807861328125,0.09624633938074112,8.278805269639788
101.420397337,-143.03477478027344,33.64925765991211,0.09210556000471115,8.289563202976645
101.470397338,-142.6223907470703,33.606956481933594,0.08842220157384872,8.281913555641506
101.520397339,-142.21046447753906,33.56929016113281,0.08496665954589844,8.258329847572407
101.570397339,-141.7998046875,33.53574752807617,0.08159034699201584,8.222111864576274
101.62039734,-141.3909912109375,33.505897521972656,0.07820747047662735,8.177005812330647
101.670397341,-140.9843292236328,33.48057174682617,0.07478000223636627,8.125767848136343
101.720397341,-140.58006286621094,33.45896530151367,0.07128539681434631,8.074469285762529
101.770397342,-140.17820739746094,33.44035339355469,0.06772235780954361,8.0254373428755
101.820397343,-139.77854919433594,33.42423629760742,0.06410300731658936,7.981956602835787
101.870397344,-139.3807830810547,33.41018295288086,0.06043967977166176,7.946718025470362
101.920397344,-138.9844512939453,33.397857666015625,0.056743085384368896,7.921749017420628
101.970397345,-138.5888671875,33.386985778808594,0.053203389048576355,7.907306724655805
102.020397346,-138.1935272216797,33.377342224121094,0.04986778274178505,7.905219768939395
102.070397347,-137.7979278564453,33.368743896484375,0.04663558676838875,7.914861912699488
102.120397347,-137.40150451660156,33.36103820800781,0.043450430035591125,7.9349105526597
102.170397348,-137.00393676757812,33.354122161865234,0.04038741812109947,7.963139897185842
102.220397349,-136.60488891601562,33.34788131713867,0.03755268082022667,7.996892805002571
102.27039735,-136.2040557861328,33.34223175048828,0.03486049547791481,8.033309458350606
102.32039735,-135.80137634277344,33.337059020996094,0.032236747443675995,8.069392436845973
102.370397351,-135.39698791503906,33.33229064941406,0.029633674770593643,8.100894105425379
102.420397352,-134.99130249023438,33.32787322998047,0.027025679126381874,8.12149127882809
102.470397353,-134.58506774902344,33.32376480102539,0.02440418116748333,8.12439840178346
102.520397353,-134.18373107910156,33.31996154785156,0.021851157769560814,7.916506169870912
102.570397354,-133.7906036376953,33.31646728515625,0.01931411772966385,7.850316205021311
102.620397355,-133.39920043945312,33.313194274902344,0.01672210730612278,7.812551259925836
102.670397356,-133.010009765625,33.31011199951172,0.014126395806670189,7.7631834264028186
102.720397356,-132.6224365234375,33.30717849731445,0.011520538479089737,7.741658089708617
102.770397357,-132.24029541015625,33.30440902709961,0.009076309390366077,7.541368829801094
102.820397358,-131.8650665283203,33.30179214477539,0.0068930815905332565,7.496184517357174
102.870397359,-131.49038696289062,33.29927062988281,0.0048094941303133965,7.485964377048142
102.920397359,-131.1178436279297,33.29684066772461,0.002826423617079854,7.412889036528571
102.97039736,-130.74911499023438,33.29438400268555,0.0009238052298314869,7.344408717037207
103.020397361,-130.384033203125,33.29191207885742,-0.0007610321044921875,7.271091388863914
103.070397362,-130.02236938476562,33.28944396972656,-0.0022515486925840378,7.210604490688727
103.120397362,-129.66445922851562,33.28700256347656,-0.0036154554691165686,7.1189849540971455
103.170397363,-129.3094940185547,33.28458023071289,-0.004936752375215292,7.096432782139276
103.220397364,-128.96360778808594,33.282222747802734,-0.006129341199994087,6.738213690570615
103.270397365,-128.63536071777344,33.27998733520508,-0.007243270520120859,6.461271195145135
103.320397365,-128.31906127929688,33.27783203125,-0.008376502431929111,6.235637362336013
103.370397366,-128.01303100585938,33.27574920654297,-0.009517326019704342,6.048808189024804
103.420397367,-127.71491241455078,33.273719787597656,-0.010672607459127903,5.913279732905852
103.470397368,-127.4221420288086,33.27176284790039,-0.011845206841826439,5.826538982529374
103.520397368,-127.13240051269531,33.26982116699219,-0.013034896925091743,5.78462911280492
103.570397369,-126.8435287475586,33.26787185668945,-0.014241142198443413,5.783628906112241
103.62039737,-126.5535888671875,33.26591873168945,-0.015464400872588158,5.819369614158596
103.670397371,-126.2608871459961,33.26394271850586,-0.016706084832549095,5.88813152674612
103.720397371,-125.96383666992188,33.261898040771484,-0.017955664545297623,5.985877816446872
103.770397372,-125.66104125976562,33.25982666015625,-0.019029006361961365,6.1055316018313
103.820397373,-125.35182189941406,33.25771713256836,-0.01996631547808647,6.234039669443082
103.870397374,-125.03667449951172,33.255577087402344,-0.02082851342856884,6.339927958893182
103.920397374,-124.7239990234375,33.25339126586914,-0.0215523149818182,6.094970793723618
103.970397375,-124.42305755615234,33.25127029418945,-0.02222576178610325,6.025864644498792
104.020397376,-124.1214599609375,33.24916458129883,-0.022892111912369728,6.033579661752832
104.070397377,-123.82010650634766,33.2470703125,-0.023391494527459145,6.019152251678922
104.120397377,-123.52164459228516,33.2449951171875,-0.0237551499158144,5.927334722924719
104.170397378,-123.22763061523438,33.24295425415039,-0.024055365473031998,5.848756027013096
104.220397379,-122.9376220703125,33.24090576171875,-0.024334486573934555,5.763752161231909
104.270397379,-122.65234375,33.23889923095703,-0.02460598014295101,5.665007665246086
104.32039738,-122.37207794189453,33.236934661865234,-0.024883002042770386,5.5643667125700595
104.370397381,-122.09676361083984,33.23497009277344,-0.0251728817820549,5.467828624126435
104.420397382,-121.82598114013672,33.233055114746094,-0.02547920122742653,5.383355616601089
104.470397382,-121.55894470214844,33.23116683959961,-0.02580215409398079,5.315751849551595
104.520397383,-121.2947006225586,33.229305267333984,-0.02614135667681694,5.268192687495149
104.570397384,-121.03227996826172,33.227455139160156,-0.02649356797337532,5.23945429267266
104.620397385,-120.77083587646484,33.225555419921875,-0.026854895055294037,5.226027182223629
104.670397385,-120.50977325439453,33.22368240356445,-0.027221031486988068,5.220568320756291
104.720397386,-120.24893188476562,33.22182083129883,-0.027587393298745155,5.215748142613619
104.770397387,-119.98853302001953,33.2199592590332,-0.027949562296271324,5.202806601507032
104.820397388,-119.72911834716797,33.21807098388672,-0.028304938226938248,5.177112320052649
104.870397388,-119.4714584350586,33.21621322631836,-0.02864147163927555,5.1341593508526016
104.920397389,-119.21634674072266,33.214378356933594,-0.02888965606689453,5.076315795086457
104.97039739,-118.96453094482422,33.2125244140625,-0.02907562255859375,5.0045320340467
105.020397391,-118.71646881103516,33.21070861816406,-0.029365118592977524,4.927313458942317
105.070397391,-118.47238159179688,33.20893478393555,-0.029602430760860443,4.848148507296079
105.120397392,-118.23214721679688,33.207191467285156,-0.029780272394418716,4.773451079796104
105.170397393,-117.9953842163086,33.205474853515625,-0.029924925416707993,4.708536315414372
105.220397394,-117.76152801513672,33.20374298095703,-0.030022505670785904,4.656986059149264
105.270397394,-117.52986907958984,33.2020149230957,-0.030052032321691513,4.620066834660591
105.320397395,-117.29967498779297,33.20030975341797,-0.030039671808481216,4.596391233179737
105.370397396,-117.07035827636719,33.1986198425293,-0.030006103217601776,4.582020527547324
105.420397397,-116.84163665771484,33.196903228759766,-0.029963569715619087,4.571217293473264
105.470397397,-116.61349487304688,33.19520568847656,-0.02991916611790657,4.557671859799444
105.520397398,-116.38624572753906,33.19352340698242,-0.029876479879021645,4.535908002207324
105.570397399,-116.16041564941406,33.191856384277344,-0.029836731031537056,4.502469500136139
105.6203974,-115.93660736083984,33.19016647338867,-0.029800567775964737,4.4565369462902895
105.6703974,-115.71519470214844,33.188472747802734,-0.029771575704216957,4.416634474566348
105.720397401,-115.49459075927734,33.18680953979492,-0.029761161655187607,4.409849607087505
105.770397402,-115.27433013916016,33.18512725830078,-0.02975868247449398,4.403008038045362
105.820397403,-115.05841827392578,33.18348693847656,-0.029722556471824646,4.250411021699397
105.870397403,-114.84669494628906,33.18185806274414,-0.029706573113799095,4.231203142981239
105.920397404,-114.6353759765625,33.18024826049805,-0.02971584163606167,4.224775874870003
105.970397405,-114.42438507080078,33.178646087646484,-0.02972896583378315,4.2182733509835915
106.020397406,-114.21370697021484,33.17704391479492,-0.029740676283836365,4.211767940709335
106.070397406,-114.0087890625,33.17548751831055,-0.029698790982365608,3.995377012632209
106.120397407,-113.81009674072266,33.173946380615234,-0.029678763821721077,3.970262689631819
106.170397408,-113.61196899414062,33.17242431640625,-0.029691925272345543,3.947860669346386
106.220397409,-113.42655944824219,33.170982360839844,-0.02959362044930458,3.447024922757341
106.270397409,-113.28496551513672,33.16987609863281,-0.029267387464642525,2.3147414864866316
106.32039741,-113.21098327636719,33.16929244995117,-0.028811225667595863,0.8666672228245421
106.370397411,-113.1996841430664,33.169189453125,-0.02851097099483013,0.0006709048936692219
106.420397412,-113.20016479492188,33.16919708251953,-0.028655394911766052,0.001290886309886686
106.470397412,-113.20093536376953,33.16920471191406,-0.028891142457723618,0.0014206562004380743
106.520397413,-113.2016372680664,33.16920852661133,-0.02910003624856472,0.0012015638934293731
106.570397414,-113.20221710205078,33.169212341308594,-0.029265517368912697,0.0009486993983753384
106.620397415,-113.20266723632812,33.16921615600586,-0.029392432421445847,0.0007312557067154715
106.670397415,-113.2030258178711,33.169219970703125,-0.029489172622561455,0.0005580661818511753
106.720397416,-113.20327758789062,33.16922378540039,-0.029562605544924736,0.0004245950651486319
106.770397417,-113.20345306396484,33.16922378540039,-0.02961830049753189,0.00032238298508127785
106.820397417,-113.2035903930664,33.169227600097656,-0.02966075763106346,0.00024464229483498585
106.870397418,-113.20369720458984,33.16923141479492,-0.029692992568016052,0.000185580872017304
106.920397419,-113.20376586914062,33.16923141479492,-0.02971748262643814,0.0001407521390823103
106.97039742,-113.20376586914062,33.16923141479492,-0.02971748262643814,0.0
107.02039742,-113.20376586914062,33.16923141479492,-0.02971748262643814,0.0
107.070397421,-113.20376586914062,33.16923141479492,-0.02971748262643814,0.0
107.120397422,-113.20376586914062,33.16923141479492,-0.02971748262643814,0.0
107.170397423,-113.20376586914062,33.16923141479492,-0.02971748262643814,0.0
107.220397423,-113.20376586914062,33.16923141479492,-0.02971748262643814,0.0
107.270397424,-113.20376586914062,33.16923141479492,-0.02971748262643814,0.0
107.320397425,-113.20376586914062,33.16923141479492,-0.02971748262643814,0.0
107.370397426,-113.20376586914062,33.16923141479492,-0.02971748262643814,0.0
107.420397426,-113.20376586914062,33.16923141479492,-0.02971748262643814,0.0
107.470397427,-113.20376586914062,33.16923141479492,-0.02971748262643814,0.0
107.520397428,-113.20376586914062,33.16923141479492,-0.02971748262643814,0.0
107.570397429,-113.20376586914062,33.16923141479492,-0.02971748262643814,0.0
107.620397429,-113.20376586914062,33.16923141479492,-0.02971748262643814,0.0
107.67039743,-113.20376586914062,33.16923141479492,-0.02971748262643814,0.0
107.720397431,-113.20376586914062,33.16923141479492,-0.02971748262643814,0.0
107.770397432,-113.20376586914062,33.16923141479492,-0.02971748262643814,0.0
107.820397432,-113.20376586914062,33.16923141479492,-0.02971748262643814,0.0
107.870397433,-113.20376586914062,33.16923141479492,-0.02971748262643814,0.0
107.920397434,-113.20376586914062,33.16923141479492,-0.02971748262643814,0.0
107.970397435,-113.20376586914062,33.16923141479492,-0.02971748262643814,0.0
108.020397435,-113.20376586914062,33.16923141479492,-0.02971748262643814,0.0
108.070397436,-113.20376586914062,33.16923141479492,-0.02971748262643814,0.0
108.120397437,-113.20376586914062,33.16923141479492,-0.02971748262643814,0.0
108.170397438,-113.20376586914062,33.16923141479492,-0.02971748262643814,0.0
108.220397438,-113.20376586914062,33.16923141479492,-0.02971748262643814,0.0
108.270397439,-113.20376586914062,33.16923141479492,-0.02971748262643814,0.0
108.32039744,-113.20376586914062,33.16923141479492,-0.02971748262643814,0.0
108.370397441,-113.20376586914062,33.16923141479492,-0.02971748262643814,0.0
108.420397441,-113.2038345336914,33.16923141479492,-0.029889144003391266,0.0022442966869925256
108.470397442,-113.20387268066406,33.16923141479492,-0.029968833550810814,0.0008534832658299786
108.520397443,-113.20254516601562,33.16922378540039,-0.030009688809514046,0.07695060673707055
108.570397444,-113.19784545898438,33.169185638427734,-0.03002471849322319,0.12188510329306056
108.620397444,-113.18716430664062,33.16911697387695,-0.030038833618164062,0.2823925185207347
108.670397445,-113.16877746582031,33.16897964477539,-0.030049361288547516,0.43217603495533286
108.720397446,-113.14231872558594,33.16876983642578,-0.030050696805119514,0.5913315188354977
108.770397447,-113.10588836669922,33.16849899291992,-0.030061721801757812,0.8198313258272328
108.820397447,-113.05784606933594,33.16810607910156,-0.030080070719122887,1.0604980956035785
108.870397448,-112.99739074707031,33.16763687133789,-0.030099371448159218,1.3143670786884458
108.920397449,-112.92383575439453,33.167076110839844,-0.030118636786937714,1.5808713853362357
108.97039745000001,-112.83660125732422,33.16640090942383,-0.03013717569410801,1.8580472531154544
109.02039745,-112.73522186279297,33.165618896484375,-0.030154723674058914,2.1442056277788275
109.070397451,-112.61930084228516,33.16472625732422,-0.030171317979693413,2.43792864159719
109.120397452,-112.49365234375,33.163761138916016,-0.03014499507844448,2.5139051224555398
109.170397453,-112.36785888671875,33.16279602050781,-0.030074920505285263,2.510215006629246
109.220397453,-112.24223327636719,33.16183090209961,-0.030009116977453232,2.506727789567417
109.270397454,-112.1168441772461,33.16083526611328,-0.029955940321087837,2.503271146702429
109.320397455,-111.99166107177734,33.15986251831055,-0.029915008693933487,2.499808742129459
109.370397455,-111.8666763305664,33.158897399902344,-0.029883917421102524,2.4963355109430116
109.420397456,-111.74188995361328,33.157928466796875,-0.02986045740544796,2.4928537573579885
109.470397457,-111.61730194091797,33.15696334838867,-0.029842909425497055,2.489366150535111
109.520397458,-111.49290466308594,33.156002044677734,-0.0298295971006155,2.4858754041652094
109.570397458,-111.36869049072266,33.155033111572266,-0.029819488525390625,2.4823834419776336
109.620397459,-111.2426528930664,33.15081787109375,-0.02983291633427143,2.5967030517201186
109.67039746,-111.10679626464844,33.13880920410156,-0.029889525845646858,2.8253871721423884
109.720397461,-110.959228515625,33.122310638427734,-0.02995208650827408,3.0724792313311715
109.770397461,-110.79904174804688,33.10319900512695,-0.030012434348464012,3.3324106177327026
109.820397462,-110.62566375732422,33.08161926269531,-0.030065344646573067,3.603291726935054
109.870397463,-110.43868255615234,33.05743408203125,-0.030108604580163956,3.8828935605854156
109.920397464,-110.23773193359375,33.03048324584961,-0.0301416777074337,4.169335794984054
109.970397464,-110.02257537841797,33.000606536865234,-0.030166244134306908,4.460957269893365
110.020397465,-109.79301452636719,32.96765899658203,-0.030184058472514153,4.756280905888997
110.070397466,-109.54891204833984,32.93154525756836,-0.03019706718623638,5.0540924819915425
110.120397467,-109.29017639160156,32.892208099365234,-0.030035056173801422,5.353909273248937
110.170397467,-109.01677703857422,32.84959030151367,-0.029951896518468857,5.653613147012384
110.220397468,-108.7287368774414,32.80362319946289,-0.02992015704512596,5.953310336115937
110.270397469,-108.42607879638672,32.7542724609375,-0.029919203370809555,6.252047109079761
110.32039747,-108.10890197753906,32.70153045654297,-0.029934538528323174,6.54937958713496
110.37039747,-107.77725982666016,32.64539337158203,-0.029956359416246414,6.844814217911262
110.420397471,-107.4312973022461,32.58588409423828,-0.02997920848429203,7.1379514060896065
110.470397472,-107.07111358642578,32.52301025390625,-0.029999617487192154,7.428448950169307
110.520397473,-106.69695281982422,32.456817626953125,-0.030015068128705025,7.710314348812751
110.570397473,-106.31084442138672,32.38263702392578,-0.030014190822839737,7.958167721531936
110.620397474,-105.9172134399414,32.2924690246582,-0.02997669205069542,8.141493394383733
110.670397475,-105.5224609375,32.17911911010742,-0.02986621856689453,8.23972139287089
110.720397476,-105.13906860351562,32.03937911987305,-0.029594840481877327,7.968309150319049
110.770397476,-104.7977523803711,31.8847599029541,-0.029105110093951225,7.0168723867790375
110.820397477,-104.51427459716797,31.72630500793457,-0.028699645772576332,6.203867044599903
110.870397478,-104.26022338867188,31.54351043701172,-0.02866489253938198,6.208218368637824
110.920397479,-104.02198791503906,31.337297439575195,-0.028897475451231003,6.264163504249845
110.970397479,-103.80105590820312,31.10818862915039,-0.029186401516199112,6.300031590368307
111.02039748,-103.60477447509766,30.85398292541504,-0.029322337359189987,6.3292649833770644
111.070397481,-103.43633270263672,30.57606315612793,-0.02937908098101616,6.417566294142177
111.120397482,-103.29124450683594,30.27876853942871,-0.029537677764892578,6.530087324613711
111.170397482,-103.16574096679688,29.971879959106445,-0.029809530824422836,6.525014777496909
111.220397483,-103.05747985839844,29.659902572631836,-0.030065136030316353,6.511190853425046
111.270397484,-102.96409606933594,29.344661712646484,-0.030188197270035744,6.497565938439919
111.320397485,-102.8836669921875,29.02736473083496,-0.030158843845129013,6.483723938282855
111.370397485,-102.81461334228516,28.708776473999023,-0.030018461868166924,6.469835318331025
111.420397486,-102.75788116455078,28.389089584350586,-0.029797056689858437,6.4488932400870045
111.470397487,-102.71100616455078,28.06898307800293,-0.029602546244859695,6.437987145233717
111.520397488,-102.67210388183594,27.748762130737305,-0.02946605533361435,6.426104094375327
111.570397488,-102.63996124267578,27.42864418029785,-0.029376409947872162,6.414443250490894
111.620397489,-102.61355590820312,27.108787536621094,-0.029324492439627647,6.4029687467232534
111.67039749,-102.59193420410156,26.783702850341797,-0.029350128024816513,6.5742798605668895
111.720397491,-102.5741958618164,26.45086097717285,-0.029401054605841637,6.719435876413436
111.770397491,-102.56011199951172,26.118412017822266,-0.02936706505715847,6.490770950276858
111.820397492,-102.54991912841797,25.80288314819336,-0.02927444316446781,6.30489219128724
111.870397493,-102.54264068603516,25.485511779785156,-0.029335174709558487,6.374593949246017
111.920397493,-102.53773498535156,25.167280197143555,-0.02938518486917019,6.347432052148401
111.970397494,-102.53487396240234,24.85491943359375,-0.02937415987253189,6.158629447178887
112.020397495,-102.53379821777344,24.547969818115234,-0.029395483434200287,6.141847965135099
112.070397496,-102.53424835205078,24.24048614501953,-0.02944766916334629,6.151898043817561
112.120397496,-102.53592681884766,23.93671417236328,-0.02945026382803917,6.00736857531072
112.170397497,-102.53750610351562,23.648361206054688,-0.02933933213353157,5.491386845040422
112.220397498,-102.53890228271484,23.405893325805664,-0.029087599366903305,4.314590766514139
112.270397499,-102.53982543945312,23.232330322265625,-0.028785131871700287,2.857372384654122
112.320397499,-102.5401840209961,23.132169723510742,-0.028452491387724876,1.3919765325887443
112.3703975,-102.54009246826172,23.103734970092773,-0.02819160372018814,0.11392831827241828
112.420397501,-102.54009246826172,23.104135513305664,-0.02832973375916481,0.004567613304365897
112.470397502,-102.54007720947266,23.10519790649414,-0.028636587783694267,0.0030448323859988144
112.520397502,-102.54005432128906,23.10619354248047,-0.02890922501683235,0.002010041798479298
112.570397503,-102.5400390625,23.10700225830078,-0.02912166528403759,0.0014390172577886985
112.620397504,-102.54002380371094,23.10763168334961,-0.0292816162109375,0.0011358432189108448
112.670397505,-102.54000854492188,23.10811424255371,-0.02940170280635357,0.0009325225219274721
112.720397505,-102.53998565673828,23.108484268188477,-0.029492301866412163,0.000757632011887004
112.770397506,-102.53995513916016,23.108760833740234,-0.02956092730164528,0.0005980722288129404
112.820397507,-102.53994750976562,23.108976364135742,-0.029613608494400978,0.0004568665557524495
112.870397508,-102.53993225097656,23.109134674072266,-0.02965427376329899,0.0003386892484332725
112.920397508,-102.5399169921875,23.109256744384766,-0.02968589775264263,0.00024574384753833263
112.970397509,-102.5399169921875,23.10930824279785,-0.02970043197274208,0.00011310071213532336
113.02039751,-102.5399169921875,23.109378814697266,-0.02971961908042431,0.0001246245940360829
113.070397511,-102.5399169921875,23.109432220458984,-0.029736898839473724,0.00010559330195990946
113.120397511,-102.5399169921875,23.10947608947754,-0.029750671237707138,7.977931993863268e-05
113.170397512,-102.53990936279297,23.109508514404297,-0.02976127527654171,6.121385612815876e-05
113.220397513,-102.53990936279297,23.109535217285156,-0.02976936288177967,4.652321898898266e-05
113.270397514,-102.53990936279297,23.109554290771484,-0.02977554313838482,3.530856810592832e-05
113.320397514,-102.53990936279297,23.109569549560547,-0.02978011965751648,2.6871865187032105e-05
113.370397515,-102.53990936279297,23.109577178955078,-0.029782751575112343,8.770955928884919e-06
113.420397516,-102.53990936279297,23.10958480834961,-0.029784927144646645,1.4887699130439105e-05
113.470397517,-102.53990936279297,23.10959243774414,-0.029787100851535797,1.322061620671424e-05
113.520397517,-102.53990936279297,23.109596252441406,-0.029788894578814507,1.0536566266267431e-05
113.570397518,-102.53990936279297,23.109601974487305,-0.02979026734828949,8.123933286723796e-06
113.620397519,-102.53990936279297,23.109603881835938,-0.02979133464396,6.2744947961821095e-06
113.67039752,-102.53990936279297,23.10960578918457,-0.02979213558137417,5.2738302544040475e-06
113.72039752,-102.53990936279297,23.109609603881836,-0.029792822897434235,4.037459382904757e-06
113.770397521,-102.53990936279297,23.10961151123047,-0.029793281108140945,3.122087940388245e-06
113.820397522,-102.53990936279297,23.10961151123047,-0.029793281108140945,1.7487263916883396e-06
113.870397523,-102.53990936279297,23.10961151123047,-0.029793281108140945,1.827916579392906e-06
113.920397523,-102.53990936279297,23.10961151123047,-0.029793281108140945,1.6144600359609872e-06
113.970397524,-102.53990936279297,23.1096134185791,-0.029794158414006233,1.1643101557453307e-06
114.020397525,-102.53990936279297,23.1096134185791,-0.029794158414006233,1.041035432347383e-06
114.070397526,-102.53990936279297,23.1096134185791,-0.029794158414006233,9.069716040102661e-07
114.120397526,-102.53990936279297,23.1096134185791,-0.029794158414006233,6.036208356996125e-07
114.170397527,-102.53990936279297,23.1096134185791,-0.029794158414006233,1.2390951865608225e-06
114.220397528,-102.53990936279297,23.1096134185791,-0.029794158414006233,1.7737753421918954e-07
114.270397529,-102.53990936279297,23.1096134185791,-0.029794158414006233,2.011122590741635e-07
114.320397529,-102.53990936279297,23.1096134185791,-0.029794158414006233,7.24849324268759e-07
114.37039753,-102.53990936279297,23.1096134185791,-0.029794158414006233,4.2689474333734165e-07
114.420397531,-102.53990936279297,23.1096134185791,-0.029794158414006233,2.2420511146990563e-07
